name,source_category,source_key,level,initiative,ongoing,expend,append,append_keywords,ability,actions,trigger,trigger_actions,counter,img
Pounce,ancestry,beastkin,1,20,FALSE,FALSE,FALSE,,"Move 3 spaces, then attack 2.",move:3; attack:2,,,,
Feral Rush,ancestry,beastkin,1,25,FALSE,FALSE,FALSE,,"Move 2 spaces, then attack 2 and apply Bleed 2 to the target.",move:2; attack:2 +bleed:2,,,,
Savage Leap,ancestry,beastkin,5,18,FALSE,TRUE,FALSE,,"Expend: Move 4 spaces, then attack 3 and apply Bleed 2 to adjacent targets.",move:4; attack:3 +bleed:2 +zone:1 @targets,,,,
Pack Instinct,ancestry,beastkin,5,22,FALSE,FALSE,FALSE,,"Move 3 spaces, then attack 2. Allies within 2 spaces move 2.",move:3; attack:3; move:2 +zone:2 @allies,,,,
Recalibrate,ancestry,construct,1,38,FALSE,FALSE,FALSE,,"Gain Boost, then move 2 spaces.",effect +boost; move:2,,,,
Gear Lock,ancestry,construct,1,45,FALSE,FALSE,FALSE,,"Apply Slow to one enemy, then attack 2.",effect +slow @enemy; attack:2,,,,
Overclock,ancestry,construct,5,30,TRUE,FALSE,FALSE,,Ongoing: gain haste and boost at the start of the next 3 rounds.,effect +haste; effect +boost,startofround,effect +haste; effect +boost,3,
Mechanical Arms,ancestry,construct,5,40,FALSE,FALSE,FALSE,,"Attack 3, then push the target 2 spaces.",attack:3; push:2,,,,
Iron Grudge,ancestry,dwarf,1,55,FALSE,FALSE,FALSE,,"Attack 2, then gain Retaliate 2.",attack:2; effect +retaliate:3,,,,
Bulwark,ancestry,dwarf,1,68,FALSE,FALSE,FALSE,,"Gain Bolster 2, then attack 2.",effect +shield:2; attack:2,,,,
Sunder,ancestry,dwarf,5,50,FALSE,FALSE,FALSE,,"Attack 3 with Pierce 2, then gain Bolster 2.",attack:3 +pierce:2; effect +shield:2,,,,
Mountain Fortress,ancestry,dwarf,5,72,FALSE,FALSE,FALSE,,Gain Bolster 3 and Retaliate 3.,effect +shield:3; effect +retaliate:3,,,,
Faerie Flame,ancestry,fae,1,28,FALSE,FALSE,FALSE,,"Attack 2 and apply Burn to the target, then move 1 space.",attack:2 +burn; move:1,,,,
Will-o-Wisp,ancestry,fae,1,35,FALSE,FALSE,FALSE,,"Move 2 spaces, then apply Blind to one enemy.",move:2; effect +blind @enemy,,,,
Faerie Inferno,ancestry,fae,5,32,FALSE,FALSE,FALSE,,Attack 2 against all enemies in a 3-space burst and apply Burn to each.,attack:2 +burn +zone:3 @enemies,,,,
Glamour,ancestry,fae,5,40,FALSE,FALSE,FALSE,,"Apply Blind to all enemies within three spaces, then move 2 spaces.",effect +blind +zone:3 @enemies; move:2,,,,
Scatter,ancestry,goblin,1,15,FALSE,FALSE,FALSE,,"Move 3 spaces, then attack 1.",move:3; attack:1,,,,
Sneak In,ancestry,goblin,1,20,FALSE,FALSE,FALSE,,Move 2 spaces and gain Hide.,move:2; effect +hide,,,,
Blitz,ancestry,goblin,5,18,FALSE,FALSE,FALSE,,"Move 3 spaces, then attack 2.",move:3; attack:2,,,,
Vanish Strike,ancestry,goblin,5,22,FALSE,FALSE,FALSE,,"Move 3 spaces, attack 2, then gain Hide.",move:3; attack:2; effect +hide,,,,
Fade,ancestry,halfling,1,12,FALSE,FALSE,FALSE,,Move 2 spaces and gain Hide.,move:2; effect +hide,,,,
Pocket Knife,ancestry,halfling,1,20,FALSE,FALSE,FALSE,,"Attack 2 and apply Bleed 2 to the target, then gain Hide.",attack:2 +bleed:2; effect +hide,,,,
Shadow Slip,ancestry,halfling,5,15,TRUE,FALSE,FALSE,,"Ongoing: At the end of your next three turns, gain Hide.",,endofturn,effect +hide,3,
Cheap Shot,ancestry,halfling,5,18,FALSE,FALSE,FALSE,,Attack 3 with Pierce 1 and apply Bleed 2 to the target.,attack:3 +pierce:1 +bleed:2,,,,
Surge,ancestry,human,1,25,FALSE,TRUE,FALSE,,Expend: Attack 4. Recover 1 random exiled card.,attack:4; effect +recover:1,,,,
Momentum,ancestry,human,1,30,FALSE,FALSE,FALSE,,"Attack 2, then move 2 spaces.",attack:2; move:2,,,,
Persistence,ancestry,human,5,22,FALSE,FALSE,FALSE,,Move 2 and Attack 1. Then repeat.,move:2; attack:1; move:2; attack:1,,,,
Reposition,ancestry,human,5,28,FALSE,FALSE,FALSE,,"Attack 3, then move 2 spaces.",attack:3; move:3,,,,
Void Touch,ancestry,outsider,1,42,FALSE,FALSE,FALSE,,"Attack 1 and apply Stun to the target, then apply Curse 2 to them.",attack:1 +stun; effect +curse:2 @enemy,,,,
Unravel,ancestry,outsider,1,48,TRUE,FALSE,FALSE,,"Ongoing:Now and the start of your next two turns, adjacent enemies gain weaken 2 and Blind.",effect +weaken:2 @enemies; effect +blind @enemies,startofturn,effect +weaken:2 +blind +zone:1 @enemies,2,
Entropy,ancestry,outsider,5,45,FALSE,FALSE,FALSE,,"Attack 2 and apply Curse 2 to the target, then apply Slow to them.",attack:2 +curse:3; effect +slow @enemy,,,,
Teleport,ancestry,outsider,5,52,FALSE,FALSE,FALSE,,Move 6.,move:6,,,,
Cover Story,background,criminal,1,28,FALSE,FALSE,FALSE,,"Gain Hide, then restore 1 card from your discard (your choice).",effect +hide; effect +restore:1,,,,
Forced March,background,exile,1,32,FALSE,FALSE,FALSE,,"Move 3 spaces, then restore 1 card from your discard (your choice).",move:3; effect +restore:1,,,,
Harvest Swing,background,farmer,1,42,FALSE,FALSE,FALSE,,"Attack 2, then heal 2 HP on yourself.",attack:2; heal:2,,,,
Endure,background,labourer,1,65,FALSE,FALSE,FALSE,,"Gain Bolster 2, then heal 2 HP on yourself.",effect +shield:2; heal:1,,,,
Risky Deal,background,merchant,1,48,FALSE,FALSE,FALSE,,"Recover 2 cards from your exile, then discard 2 cards.",effect +recover:2; discard:2,,,,
Iron Will,background,military,1,60,TRUE,FALSE,FALSE,,"Ongoing: Gain Retaliate 3. At the start of each round, gain Bolster (ends when you no longer have retaliate).",effect +retaliate:3,startofround,effect +bolster:1 @self,,
Inner Peace,background,monastic,1,62,FALSE,FALSE,FALSE,,"Heal 3 HP on yourself, then clear 1 condition from yourself.",heal:3; effect +cure:1,,,,
Noble Command,background,noble,1,58,FALSE,FALSE,FALSE,,"Apply Slow to one enemy, then you and an ally restore one card from discard.",effect +slow @enemy; effect +restore:1 @ally; effect +restore:1,,,,
Field Notes,background,scholar,1,55,FALSE,FALSE,FALSE,,Restore 2 cards from your discard (your choice).,effect +restore:2,,,,
Nature's Call,background,wilds,1,35,FALSE,FALSE,FALSE,,"Recover 1 random card from your exile, then move 2 spaces.",effect +recover:1; move:2,,,,
Rush In,class,barbarian,1,6,FALSE,FALSE,FALSE,,Move 5,move:5,,,,
Shoulder Charge,class,barbarian,1,10,FALSE,FALSE,FALSE,,"Discard 1 card: Move 3 spaces, then Attack 2.",discard:1; move:3; attack:2,,,,
Throwing Axe,class,barbarian,1,34,FALSE,FALSE,FALSE,,"Attack 2, with Bleed 1 at a target within 5 spaces.",attack:2 +bleed:1 +range:5,,,,
Enraged,class,barbarian,1,56,TRUE,FALSE,FALSE,,"Ongoing: At the start of your turn, discard a card and gain Boost and Bolster 2. End this effect if you cannot discard any cards.",,startofturn,discard:1; effect +boost; effect +bolster:2,,
Second Wind,class,barbarian,1,75,FALSE,FALSE,FALSE,,Discard a card. Heal 3 and Recover 1 from your exile.,discard:1; heal:3; effect +recover:1,,,,
Regeneration,class,barbarian,2,43,TRUE,FALSE,FALSE,,Ongoing: Heal 1 every time you discard a card. End this effect if you reach max health or have no cards in your discard pile.,,ondiscard,heal:1,,
Hurl,class,barbarian,2,65,FALSE,FALSE,FALSE,,"Attack 2, then push target 3 spaces. If the target collides with another target, Attack each target 2.",attack:2; push:3; attack:2 @targets,,,,
Beatdown,class,barbarian,7,19,FALSE,FALSE,FALSE,,"Attack 2, then Move 3, then Attack 2.",attack:2; move:3; attack:2,,,,
Slam,class,barbarian,7,32,FALSE,FALSE,FALSE,,"Attack X, where X is the number of cards in your discard pile.",attack:x,,,,
Warlust,class,barbarian,10,10,FALSE,TRUE,FALSE,,"Expend: Discard your remaining hand. For each card discarded this way, attack 2 against one enemy of your choice. You may choose different targets for each attack.",,,,,
Death Lunge,class,barbarian,10,15,FALSE,TRUE,FALSE,,"Expend: Move 5 spaces, then attack 5 with Pierce 3 and Bleed 3. If this attack brings the target to 0 HP, restore your entire discard pile to your hand.",move:5; attack:5 +pierce:3 +bleed:3,,,,
Boulder Toss,class,barbarian,1,85,FALSE,FALSE,FALSE,,"Discard a card: Attack a target within 3 spaces for 2, pushing them back 1.",discard:1 @self; attack:2 +range:3; push:1 @target,,,,
Improvise,class,barbarian,1,24,FALSE,FALSE,FALSE,,"Restore 1 card from your discard pile, then Discard 2 cards.",effect +restore:1 @self; discard:2 @self,,,,
Battle Hymn,class,bard,1,28,FALSE,FALSE,FALSE,,Grant one ally Boost.,effect +boost @ally,,,,
Discordant Note,class,bard,1,45,FALSE,FALSE,FALSE,,Attack 1 and apply Slow and Weaken to a target in Range 4,attack:1 +slow +weaken:1 @enemy,,,,
Lullaby,class,bard,1,55,FALSE,FALSE,FALSE,,Apply Slow to all enemies within 3 spaces.,effect +slow +zone:3 @enemies,,,,
Inspire,class,bard,1,58,FALSE,FALSE,FALSE,,"Restore 1 card from one ally's discard (their choice), then grant them Bless.",effect +restore:1 @ally; effect +bless @ally,,,,
Chorus,class,bard,1,65,TRUE,FALSE,FALSE,,"Ongoing: At the start of the next 3 rounds, restore 1 card from one ally's discard pile, and heal them for 1.",,startofturn,effect +restore:1 @ally; heal:1 @ally,3,
Dirge,class,bard,2,38,FALSE,FALSE,FALSE,,"Attack 2 and apply Curse 2 to the target, then apply Weaken 1 to them.",attack:2 +curse:2; effect +weaken:1 @enemy,,,,
Rallying Cry,class,bard,2,52,FALSE,FALSE,FALSE,,"Grant one ally Boost, then heal 3 HP on them.",effect +boost @ally; heal:3 @ally,,,,
War Song,class,bard,7,42,FALSE,FALSE,FALSE,,"Attack 2 against all enemies in a 3-space burst, then apply Blind to each.",attack:2 +blind +zone:3 @enemies,,,,
Epic Ballad,class,bard,7,65,FALSE,FALSE,FALSE,,"Grant all allies Boost, then restore 2 cards from one ally's discard (their choice).",effect +boost @allies; effect +restore:2 @ally,,,,
Death Knell,class,bard,10,48,FALSE,TRUE,FALSE,,"Expend: Attack 3 against all enemies in a 4-space burst, then apply Curse 3 and Weaken 2 to each.",attack:3 +curse:3 +weaken:2 +zone:4 @enemies,,,,
Magnum Opus,class,bard,10,68,FALSE,TRUE,FALSE,,"Expend: Grant all allies Boost and Bless, then each recovers one card from exile.",effect +boost +bless +recover:1 @allies,,,,
Illusory Pain,class,bard,1,44,FALSE,FALSE,FALSE,,"Deal 1 damage to a target in Range 5, dealing Stun.",damage:1 +range:5 +stun,,,,
Hall of Mirrors,class,bard,1,79,TRUE,FALSE,FALSE,,"At the start of your next three turns, Move 2.",,startofturn,move:2,3,
Smite,class,cleric,1,35,FALSE,FALSE,FALSE,,Attack 2 and apply Weaken 2 to the target.,attack:2 +weaken:2,,,,
Sanctuary,class,cleric,1,49,FALSE,FALSE,FALSE,,"Heal 3 HP on an adjacent ally, then gain Shield 2.",heal:3 @ally; effect +shield:2,,,,
Mend,class,cleric,1,42,FALSE,FALSE,FALSE,,Heal 4 HP on one ally in Range 4.,heal:4 @ally,,,,
Ward,class,cleric,1,52,FALSE,FALSE,FALSE,,Grant one ally Shield 2 and Bless with Range 3.,effect +shield:2 @ally; effect +bless @ally,,,,
Vigil,class,cleric,1,65,TRUE,FALSE,FALSE,,"Ongoing: At the start of the next 3 rounds, heal 2 HP on the most injured ally within 3 spaces.",,startofturn,heal:2 @ally,3,
Create Some Space,class,cleric,1,43,FALSE,FALSE,FALSE,,"Move 2 and Attack 1, pushing target 1.",move:2; attack:1; push:1,,,,
Consecrate,class,cleric,2,42,FALSE,FALSE,FALSE,,"Attack 2, then heal 2 HP on one ally with Range 4.",attack:2; heal:2 @ally,,,,
Purify,class,cleric,2,68,FALSE,FALSE,FALSE,,"Heal 2 HP on one ally in Range 4, then clear 2 conditions from them.",heal:2 @ally; effect +cure:2 @ally,,,,
Radiance,class,cleric,7,48,FALSE,FALSE,FALSE,,"Attack 2 against all enemies in a 3-space burst in Range 5, then apply Blind to each.",attack:2 +blind +burst:3 +range:5 @enemies,,,,
Divine Bulwark,class,cleric,7,68,FALSE,FALSE,FALSE,,Grant one ally Shield 3 and Retaliate 2.,effect +shield:3 +retaliate:2 @ally,,,,
Holy Judgment,class,cleric,10,54,FALSE,TRUE,FALSE,,"Expend: Attack 3 against all enemies in a 4-space burst in Range 4, inflicting stun.",attack:3 +stun +burst:4 +range:4 @enemies,,,,
Resurrection Light,class,cleric,10,60,FALSE,TRUE,FALSE,,"Expend: Heal 6 HP on one other ally, then they restore all cards from their discard.",heal:6 @ally; effect +restore:10 @ally,,,,
Skull Cracker,class,cleric,1,50,FALSE,FALSE,FALSE,,"Attack 1, dealing Stun.",attack:1 +stun,,,,
Thorn Whip,class,druid,1,35,FALSE,FALSE,FALSE,,"Attack 2 and apply Bleed 2 to a target in Range 3, then pull them 1 space closer.",attack:2 +bleed:2; pull:1,,,,
Blight,class,druid,1,38,FALSE,FALSE,FALSE,,Attack 2 and apply Poison 3 to an adjacent target.,attack:2 +poison:3,,,,
Root,class,druid,1,42,FALSE,FALSE,FALSE,,Apply Freeze and Slow to one enemy in Range 4.,effect +freeze @enemy; effect +slow @enemy,,,,
Warding Totem,class,druid,1,48,TRUE,FALSE,FALSE,,"Summon a Warding Totem in an adjacent space (HP 5). At the start of each of your turns, apply Weaken 1 to each enemy within 2 spaces of the totem. Discard this card when the totem is destroyed.",,startofturn,effect +weaken:1 +burst:2 @enemies,,
Healing Totem,class,druid,1,55,TRUE,FALSE,FALSE,,"Summon a Healing Totem in an adjacent space (HP 5). At the start of each of your turns, heal 1 HP on each ally within 2 spaces of the totem. Track totem HP in this card's Totem HP field. Discard this card when the totem is destroyed.",,startofturn,heal:1 +burst:2 @allies,,
Lightning Strike,class,druid,2,25,FALSE,TRUE,FALSE,,"Attack 4 on any enemy you can see, inflicting Blind and Shock.",attack:4 +blind +shock:2,,,,
Cleansing Totem,class,druid,2,67,TRUE,FALSE,FALSE,,"Summon a Cleansing Totem in an adjacent space (HP 5). At the start of each of your turns, clear 1 condition from each ally within 2 spaces of the totem. Track totem HP in this card's Totem HP field. Discard this card when the totem is destroyed.",,startofturn,effect +cure:1 +burst:2 @allies,,
Tidal Wave,class,druid,7,38,FALSE,FALSE,FALSE,,"Attack 2 against all targets in a 4-space cone, then apply Freeze to each.",attack:2 +freeze +cone:4 @targets,,,,
Living Forest,class,druid,7,48,FALSE,TRUE,FALSE,,Expend: Apply Bleed 3 and Poison 2 to all enemies within 3 spaces.,effect +bleed:3 +poison:2 +zone:3 @enemies,,,,
Primal Fury,class,druid,10,32,FALSE,TRUE,FALSE,,Expend: Move 4. Attack 3 and apply Bleed 3 to all enemies in a 3-space burst.,move:4; attack:3 +bleed:3 +zone:3 @enemies,,,,
Restoration Totem,class,druid,10,60,TRUE,TRUE,FALSE,,"Expend: Summon a Restoration Totem in an adjacent space (HP 6). At the start of each of your turns, restore 1 card from each ally's discard and heal 2 HP on each ally within 3 spaces. Track totem HP in this card's Totem HP field. Exile this card when the totem is destroyed.",,startofturn,effect +restore:1 @allies; heal:2 @allies,,
Bloody Claws,class,druid,1,32,FALSE,FALSE,FALSE,,Attack 1 with Bleed 1 twice against adjacent enemies.,attack:1 +bleed:1; attack:1 +bleed:1,,,,
Eye Peck,class,druid,1,23,FALSE,FALSE,FALSE,,"Attack an adjacent target for 2, inflicting blind.",attack:2 +blind,,,,
Heavy Blow,class,knight,1,42,FALSE,FALSE,FALSE,,"Attack 3, then apply Slow to the target.",attack:3 +slow @enemy,,,,
Provoke,class,knight,1,30,FALSE,FALSE,FALSE,,"Attack 2, then gain Retaliate 3",attack:2; effect +retaliate:3,,,,
Shield Wall,class,knight,1,68,FALSE,FALSE,FALSE,,"Gain Bolster 2, then attack 2.",effect +bolster:2; attack:2,,,,
Stalwart Stance,class,knight,1,70,TRUE,FALSE,FALSE,,"Ongoing: At the start of the next three rounds, gain Bolster 1.",,startofturn,effect +bolster:1,3,
Formation,class,knight,1,72,FALSE,FALSE,FALSE,,"Grant one adjacent ally Bolster 1, then gain Bolster 2 yourself.",effect +bolster:1 @ally; effect +bolster:1,,,,
Challenge,class,knight,2,48,FALSE,FALSE,FALSE,,"Move 1, Attack 2, then apply Weaken 2 to the target.",move:1; attack:2 +weaken:2 @enemy,,,,
Counterstrike,class,knight,2,58,FALSE,FALSE,FALSE,,"Gain Retaliate 3, then move 1 space.",effect +retaliate:3; move:1,,,,
Titan's Blow,class,knight,7,38,FALSE,FALSE,FALSE,,"Attack 4 with Pierce 2, then push the target 2 spaces.",attack:4 +pierce:2; push:2,,,,
Unbreakable,class,knight,7,78,FALSE,FALSE,FALSE,,"Gain Bolster 3 and Retaliate 3. Until end of round, all enemies target you.",effect +bolster:3 +retaliate:3,,,,
Skewer,class,knight,10,45,FALSE,TRUE,FALSE,,"Expend: Boost, then Attack 4 with Pierce 3 and bypass.",effect +boost; attack:4 +pierce:3 +bypass,,,,
Divine Shield,class,knight,10,18,FALSE,TRUE,FALSE,,"Expend: Grant all allies Bolster 3, then heal 3 HP on each of them.",effect +bolster:3 @allies; heal:3 @allies,,,,
Squire's Command,class,knight,1,68,FALSE,FALSE,FALSE,,"One of your other allies gains Boost, then makes a basic attack.",effect +boost @ally,,,,
Retribution,class,knight,1,32,TRUE,FALSE,FALSE,,"The next three times another ally is attacked, deal 2 damage against the attacker.",,allyattacked,damage:2 @enemy,3,
Ice Lance,class,mage,1,28,FALSE,FALSE,FALSE,,Attack 3 with Pierce 2 against one enemy.,attack:3 +pierce:2,,,,
Arcane Blast,class,mage,1,35,FALSE,FALSE,FALSE,,"Attack 2 against all targets in a 3-space cone, then push each 1 space.",attack:2 +cone:3 @targets; push:1,,,,
Mystic Swap,class,mage,1,49,FALSE,FALSE,FALSE,,Swap positions with any target within Range 4.,,,,,
Mage's Touch,class,mage,1,40,FALSE,FALSE,TRUE,+curse:1,Append: Add Curse 1 to an attack from your hand this turn. Standalone: Attack 2 and apply Curse 1 to the target.,attack:2 +curse:1,,,,
Leyline,class,mage,1,54,TRUE,FALSE,FALSE,,"Ongoing: At the start of each of your turns, gain Boost. Ends after 3 turns.",,startofturn,effect +boost,3,
Meteor,class,mage,2,30,FALSE,FALSE,TRUE,+burn,Append: Add Burn to an attack from your hand this turn. Standalone: Attack 3 and apply Burn to all targets in a 2-space burst at any point you can see.,attack:3 +burn +burst:2 @targets,,,,
Chain Lightning,class,mage,2,38,FALSE,FALSE,TRUE,+shock:2,Append: Add Shock to an attack from your hand this turn. Standalone: Attack 2 and apply Shock to all targets in a cone of 4 spaces.,attack:2 +shock:2 +cone:4 @targets,,,,
Void Bolt,class,mage,7,15,FALSE,FALSE,FALSE,,Attack 4 with Pierce 3 against one enemy at Range 6.,attack:4 +pierce:3,,,,
Fireball,class,mage,7,32,FALSE,FALSE,FALSE,,Attack 3 and apply Burn to all targets in a 3-space burst at Range 5,attack:3 +burn +burst:3 +range:5 @targets,,,,
Annihilation,class,mage,10,32,FALSE,TRUE,FALSE,,"Expend: Attack 3 and apply Freeze to all targets in a 4-space Burst at Range 5, then Push each 2 spaces.",attack:3 +freeze +burst:4 +range:5 @targets; push:2,,,,
Time Stop,class,mage,10,50,FALSE,TRUE,FALSE,,Expend: Apply Slow and Stun to all enemies within 5 spaces. Boost all allies.,effect +slow +stun +zone:5 @enemies; effect +boost @allies,,,,
Poison Cloud,class,mage,1,74,TRUE,FALSE,TRUE,+poison:1,Append: Add Poison to an attack from your hand this turn. Standalone - Ongoing: inflict Poison 1 in a 2 space burst at Range 5 at the start of the next three rounds.,,startofround,effect +poison:1 +range:5 +burst:2 @targets,3,
Static Charge,class,mage,1,74,FALSE,FALSE,FALSE,,"Attack an adjacent enemy for 4, inflicting Shock 2.",attack:4 +shock:2,,,,
Brutal Strike,class,mercenary,1,25,FALSE,FALSE,FALSE,,Attack 2 with Pierce 2. Move 1.,attack:2 +pierce:2; move:1,,,,
Desperate Strike,class,mercenary,1,25,FALSE,FALSE,FALSE,,Discard 1 card: Move 2 and Attack 3 with Pierce 2.,discard:1; move:2; attack:3 +pierce:2,,,,
Reckless Charge,class,mercenary,1,16,FALSE,FALSE,FALSE,,"Move 2 spaces, then attack 2.",move:2; attack:2,,,,
Body Blow,class,mercenary,1,32,FALSE,FALSE,FALSE,,Move 1. Attack 2 and apply Stun to the target.,move:1; attack:2 +stun,,,,
Blood Money,class,mercenary,1,35,TRUE,FALSE,FALSE,,"At the start of your next 3 turns, Coerce 2 on an enemy in Range 5.",,startofturn,effect +coerce:2 @enemy,3,
Dirty Tricks,class,mercenary,2,38,TRUE,FALSE,FALSE,,"Whenever you coerce an enemy, they inflict Stun and Push 1 on their target.",,custom,effect +stun; push:1 @enemy,,
Bribery,class,mercenary,2,38,FALSE,FALSE,FALSE,,Coerce one enemy: they move up to 2 spaces toward another enemy and attack them for 2 damage.,effect +coerce:2 @enemy,,,,
Wide Swing,class,mercenary,7,28,FALSE,FALSE,FALSE,,Attack 2 against all targets in a 3-space arc.,attack:2 +arc @targets,,,,
Press Gang,class,mercenary,7,30,FALSE,FALSE,FALSE,,Coerce one enemy: they move up to 3 spaces toward another enemy and attack them for 3 damage. Apply Weaken 1 to all other enemies within 2 spaces of the attack.,effect +coerce:3 @enemy; effect +weaken:1 +burst:2 @enemies,,,,
Last Breath,class,mercenary,10,18,FALSE,TRUE,FALSE,,Expend: Attack 4 with Pierce 2 and Bleed 2. Recover 4 cards.,attack:4 +pierce:2 +bleed:2; effect +recover:4,,,,
Death Blow,class,mercenary,10,22,FALSE,TRUE,FALSE,,Expend: Kill an adjacent minor enemy.,,,,,
Barbed Weapon,class,mercenary,1,58,TRUE,FALSE,FALSE,,Ongoing: Your next three attacks inflict Bleed 2.,,onattack,effect +bleed:2,3,
Hand Crossbow,class,mercenary,1,42,FALSE,FALSE,FALSE,,Attack a target at Range 5 for 2 with Pierce 1.,attack:2 +range:5 +pierce:1,,,,
Roundhouse,class,monk,1,30,FALSE,FALSE,FALSE,,Attack 1 in a 3 space arc and apply Stun to the targets.,attack:1 +arc +stun @targets,,,,
Eye of the Storm,class,monk,1,40,FALSE,FALSE,FALSE,,"Attack 2, plus 1 additional damage for each enemy adjacent to you beyond the first.",attack:2,,,,
Reversal,class,monk,1,10,TRUE,FALSE,FALSE,,"Ongoing: The next time you are attacked, counterattack for 2 and move 2 spaces. Ends after 1 trigger.",,attacked,attack:2; move:2,1,
Crane Stance,class,monk,1,58,TRUE,FALSE,FALSE,,"Ongoing: The next three times you are attacked, Retaliate 1. Ends after 3 triggers.",,attacked,effect +retaliate:1,3,
Deflect,class,monk,1,23,FALSE,FALSE,FALSE,,Gain Shield 1 and Retaliate 2.,effect +shield:1; effect +retaliate:2,,,,
Pressure Point,class,monk,2,35,FALSE,FALSE,FALSE,,"Attack 2 and apply Weaken 2 to the target, then apply Slow to them.",attack:2 +weaken:2 +slow @enemy,,,,
Iron Skin,class,monk,2,50,FALSE,FALSE,FALSE,,Gain Bolster 2 and Retaliate 3.,effect +bolster:2; effect +retaliate:3,,,,
Tempest,class,monk,7,25,FALSE,FALSE,FALSE,,"Move 2 spaces, then attack 2 against all adjacent enemies.",move:2; attack:2 +zone:1 @enemies,,,,
Thousand Cuts,class,monk,7,32,FALSE,FALSE,FALSE,,Attack 2 and apply Bleed 3 to the target.,attack:2 +bleed:3,,,,
Seven Stars,class,monk,10,28,FALSE,TRUE,FALSE,,"Expend: Attack 4 and apply Stun to adjacent targets, then push them 3 spaces.",attack:4 +stun +zone:1 @targets; push:3,,,,
Empty Mind,class,monk,10,65,FALSE,TRUE,FALSE,,"Expend: Gain Shield 3 and Boost, then heal 4 HP on yourself.",effect +shield:3; effect +boost; heal:4,,,,
Deep Breath,class,monk,1,65,FALSE,FALSE,FALSE,,Heal 2 on yourself.,heal:2 @self,,,,
Transfer,class,monk,1,50,FALSE,FALSE,FALSE,,"Cure a condition on yourself, and inflict poison on an adjacent enemy.",effect +cure:1 @self; effect +poison:1 @enemy,,,,
Snipe,class,ranger,1,30,FALSE,FALSE,FALSE,,Attack 2 with Range 7.,attack:2 +range:7,,,,
Scatter Shot,class,ranger,1,35,FALSE,FALSE,FALSE,,Attack 2 against all targets in a 4-space cone,attack:2 +cone:4 @targets,,,,
Hunter's Mark,class,ranger,1,38,FALSE,FALSE,FALSE,,Attack 2 and apply Bleed 2 to a target within 4 spaces.,attack:2 +bleed:2 +range:4 @enemy,,,,
Burn Trap,class,ranger,1,40,TRUE,FALSE,FALSE,,Place a burn trap on any tile within Range 4. The first target to enter that tile gains Burn and 3 damage.,,custom,damage:3 +burn @target,1,
Shock Trap,class,ranger,1,45,TRUE,FALSE,FALSE,,Place a shock trap on any tile within Range 4. The first target to enter that tile takes 3 damage and Shock.,,custom,damage:3 +shock:1 @target,1,
Aimed Shot,class,ranger,2,60,FALSE,FALSE,FALSE,,Attack 3 with Pierce 2 and Range 3 at Range 5,attack:3 +pierce:2 +range:5,,,,
Snare Trap,class,ranger,2,42,TRUE,FALSE,FALSE,,Place a snare trap on any tile within Range 4. The first target to enter that tile gains Freeze and Bleed 3.,,custom,effect +freeze +bleed:3 @target,1,
Shadow Strike,class,ranger,7,22,FALSE,FALSE,FALSE,,"Attack 3 with Range 3. After the attack, move 2 spaces and gain Hide.",attack:3 +range:3; move:2; effect +hide,,,,
Rain of Arrows,class,ranger,7,32,FALSE,FALSE,FALSE,,Attack 2 against all targets in a 3-space Burst at Range 5.,attack:2 +burst:3 +range:5 @targets,,,,
Phantom Arrow,class,ranger,10,15,FALSE,TRUE,FALSE,,Expend: Attack 4 with Bypass and Range 4. Gain Hide immediately after firing.,attack:4 +bypass +range:4; effect +hide,,,,
Killing Shot,class,ranger,10,25,FALSE,TRUE,FALSE,,Expend: Gain Boost. Attack 4 with Pierce 3 and Range 5.,effect +boost @self; attack:4 +pierce:3 +range:5,,,,
Forceful Push,class,ranger,1,55,FALSE,FALSE,FALSE,,"Attack an adjacent target for 1, then push them 2 spaces.",attack:1; push:2 @enemy,,,,
Flashing Blade,class,ranger,1,26,FALSE,FALSE,FALSE,,Attack an adjacent target for 2 with Pierce 2.,attack:2 +pierce:2,,,,
Shadow Meld,class,rogue,1,15,FALSE,FALSE,FALSE,,Move 2 spaces and gain Hide.,move:2; effect +hide,,,,
Backstab,class,rogue,1,20,FALSE,FALSE,FALSE,,Can only be played while hidden. Attack 4 with Pierce 1 and Bleed 1.,attack:4 +pierce:1 +bleed:1,,,,
Dagger Dance,class,rogue,1,28,FALSE,FALSE,FALSE,,"Attack 2 then move 2 spaces. If you are hidden when you play this card, attack 3 instead.",attack:2; move:2,,,,
Exploit,class,rogue,1,32,FALSE,FALSE,FALSE,,"Attack 2 with Pierce 2, then apply Weaken 1 to the target.",attack:2 +pierce:2; effect +weaken:1 @enemy,,,,
Stakeout,class,rogue,1,42,TRUE,FALSE,FALSE,,"Ongoing: Gain Hide. At the start of each of your turns, restore 1 card from your discard. Ends after 3 turns.",effect +hide,startofturn,effect +restore:1,3,
Evasion,class,rogue,2,18,FALSE,FALSE,FALSE,,"Move 3 spaces, gain Hide, then gain Bless.",move:3; effect +hide; effect +bless,,,,
Death Mark,class,rogue,2,38,FALSE,FALSE,FALSE,,"Apply Curse 2 and Bleed 2 to one enemy at Range 4. If you are hidden, apply Curse 3 and Bleed 3 instead.",effect +curse:2 +bleed:2 @enemy,,,,
Wraith Step,class,rogue,7,15,FALSE,FALSE,FALSE,,"Move 3 spaces, attack 3 and apply Bleed 2, then gain Hide.",move:3; attack:3 +bleed:2; effect +hide,,,,
Doom Strike,class,rogue,7,28,FALSE,FALSE,FALSE,,"Attack 3 and apply Curse 3. If you are hidden, deal 1 additional damage and also apply Weaken 2.",attack:3 +curse:3,,,,
Ghost Walk,class,rogue,10,12,FALSE,TRUE,FALSE,,"Expend: Move 4 spaces, attack 4 with Bypass, then Hide.",move:4; attack:4 +bypass; effect +hide,,,,
Assassination,class,rogue,10,15,FALSE,TRUE,FALSE,,Expend: Deal 10 damage to an adjacent target.,damage:10 @target,,,,
Secret Star,class,rogue,1,64,FALSE,FALSE,FALSE,,"Attack 2 in range 3, inflicting Bleed 2. This attack can only be made if you are hiding.",attack:2 +range:3 +bleed:2,,,,
Fan of Blades,class,rogue,1,43,FALSE,FALSE,FALSE,,"Attack 1 in a 3-space cone, inflicting Poison 1.",attack:1 +cone:3 +poison:1 @targets,,,,
Precision Strike,class,soldier,1,28,FALSE,FALSE,FALSE,,Attack 3 with Pierce 2.,attack:3 +pierce:2,,,,
Advance,class,soldier,1,30,FALSE,FALSE,FALSE,,"Move 2 spaces, then attack 2 with Pierce 1.",move:2; attack:2 +pierce:1,,,,
Throwing Knife,class,soldier,1,32,FALSE,FALSE,FALSE,,"Attack a target within 4 spaces for 2, with Pierce 1",attack:2 +pierce:1 +range:4,,,,
Hold the Line,class,soldier,1,58,FALSE,FALSE,FALSE,,"Gain Bolster 2, then attack 2.",effect +bolster:2; attack:2,,,,
Dig In,class,soldier,1,60,TRUE,FALSE,FALSE,,"Ongoing: While in the ongoing zone, allies adjacent to you gain Bolster 1 when attacked. Ends after 3 triggers.",,allyattacked,effect +bolster:1 @ally,3,
Center of Attention,class,soldier,2,35,FALSE,FALSE,FALSE,,Attack 2. One ally within 3 spaces may immediately move up to 3 spaces.,attack:2; move:3 @ally,,,,
Coordinated Positioning,class,soldier,2,14,FALSE,FALSE,FALSE,,Move 3 spaces. One ally within 4 spaces may immediately move up to 3 spaces.,move:3; move:3 @ally,,,,
Flanking Order,class,soldier,7,35,FALSE,FALSE,FALSE,,Attack 3 with Pierce 1. One ally within 4 spaces may immediately make a free attack 2.,attack:2 +pierce:1,,,,
Iron Discipline,class,soldier,7,55,FALSE,FALSE,FALSE,,"Gain Boost, then restore 2 cards from your discard (your choice).",effect +boost; effect +restore:2,,,,
Relentless,class,soldier,10,25,FALSE,TRUE,FALSE,,"Expend: Attack 4, then attack 3 with Pierce 2.",attack:4; attack:3 +pierce:2,,,,
Army of One,class,soldier,10,32,FALSE,TRUE,FALSE,,Expend: Attack 3 with Pierce 2 against all enemies in a 4-space burst.,attack:3 +pierce:2 +zone:4 @enemies,,,,
Stunning Bolt,class,soldier,1,58,FALSE,FALSE,FALSE,,"Attack a target in Range 5 for 2, inflicting Stun and Slow.",attack:2 +range:5 +stun +slow,,,,
Repeater,class,soldier,1,50,TRUE,FALSE,FALSE,,"Now and at the start of your next three turns, Make an Attack 1 on a target within 4 spaces.",attack:1 +range:4,startofturn,attack:1 +range:4,3,
Lunge,class,swashbuckler,1,25,FALSE,FALSE,FALSE,,"Move 2 spaces, then attack 3.",move:2; attack:3,,,,
En Garde,class,swashbuckler,1,30,FALSE,FALSE,FALSE,,"Attack 2, then move 2 spaces.",attack:2; move:2,,,,
Flourish,class,swashbuckler,1,8,FALSE,FALSE,FALSE,,"Attack 1, then gain Boost.",attack:2; effect +boost,,,,
Marked Target,class,swashbuckler,1,41,TRUE,FALSE,FALSE,,Ongoing: Select an enemy you can see. Deal one extra damage to that enemy and receive one less damage from that enemy.,,custom,,,
Parry,class,swashbuckler,1,62,FALSE,FALSE,FALSE,,Gain Shield 2 and Retaliate 2.,effect +shield:2; effect +retaliate:2,,,,
Flash Step,class,swashbuckler,2,20,FALSE,FALSE,FALSE,,"Move 3 spaces, then attack 2 with Pierce 1.",move:3; attack:2 +pierce:1,,,,
Into the Fray,class,swashbuckler,2,55,FALSE,FALSE,FALSE,,"Move 2 spaces, then pull one enemy 2 spaces toward you.",move:2; pull:2,,,,
Dashing Blow,class,swashbuckler,7,22,FALSE,FALSE,FALSE,,"Move 2 spaces, then attack 4.",move:2; attack:4,,,,
Iron Guard,class,swashbuckler,7,68,FALSE,FALSE,FALSE,,Gain Shield 3 and Retaliate 3.,effect +shield:3; effect +retaliate:3,,,,
Whirlwind,class,swashbuckler,10,28,FALSE,TRUE,FALSE,,"Expend: Move 2 spaces, then attack 3 against all adjacent targets.",move:2; attack:3 +zone:1 @targets,,,,
Next in Line,class,swashbuckler,10,32,TRUE,FALSE,FALSE,,"The next four times you kill an enemy, immediately make a Move 2 and Attack 2 with Pierce 2 action.",,onkill,move:2; attack:2 +pierce:2,4,
Cruel Taunt,class,swashbuckler,1,47,FALSE,FALSE,FALSE,,Inflict Weaken 2 on an enemy within 5 spaces.,effect +weaken:2 +range:5 @enemy,,,,
Hamstring,class,swashbuckler,1,14,FALSE,FALSE,FALSE,,"Attack an adjacent target for 2, inflicting Slow",attack:2 +slow,,,,
Hex Bolt,class,witch,1,38,FALSE,FALSE,FALSE,,Attack 1 and apply Curse 2 to a target at range 4.,attack:1 +curse:2,,,,
Wither,class,witch,1,42,TRUE,FALSE,FALSE,,"Ongoing: At the start of the next 3 rounds, apply Curse 2 to an enemy within 3 spaces.",,startofturn,effect +curse:2 @enemy,3,
Evil Bond,class,witch,1,45,TRUE,FALSE,FALSE,,"Ongoing: Apply weaken 1 to a target at Range 4. Each time that target deals damage, recover 1 card.",effect +weaken:1 @target,custom,effect +recover:1 @self,,
Hex Ward,class,witch,1,55,FALSE,FALSE,FALSE,,"Apply Blind to one enemy in Range 3, then gain Shield 1.",effect +blind @enemy; effect +shield:1,,,,
Sacrificial Exchange,class,witch,1,81,FALSE,FALSE,FALSE,,Discard 2 cards: each other ally Restores 1 card to hand.,discard:2; effect +restore:1 @allies,,,,
Dark Pact,class,witch,2,35,FALSE,FALSE,FALSE,,Attack 2 and apply Curse 3 to a target at Range 4. Discard 1 card.,discard:1; attack:2 +curse:3,,,,
Coven's Gift,class,witch,2,47,TRUE,FALSE,FALSE,,"Ongoing: The next two times an ally is attacked, they gain Shield 1.",,allyattacked,effect +shield:1 @ally,2,
Soul Drain,class,witch,7,38,FALSE,FALSE,FALSE,,"Attack 2 and apply Curse 2 to the target, then heal 2 HP on yourself.",attack:2 +curse:2; heal:2,,,,
Putrid Burst,class,witch,1,64,FALSE,FALSE,FALSE,,"Target a dead enemy within 5 spaces. The corpse explodes, Attacking adjacent targets for 2 and inflicting Poison 1.",attack:2 +poison:1 +burst:1 +range:5 @targets,,,,
Mass Hex,class,witch,7,48,FALSE,FALSE,FALSE,,Apply Curse 2 and Weaken 1 to all enemies within 3 spaces.,effect +curse:2 +weaken:1 +zone:3 @enemies,,,,
Life from Death,class,witch,3,43,FALSE,FALSE,FALSE,,Touch an adjacent dead target. Heal 4 and Cure 1.,heal:4 +cure:1,,,,
Grand Hex,class,witch,10,49,FALSE,TRUE,FALSE,,Expend: Attack 2 and apply Curse 4 to every enemy within 3 spaces.,attack:2 +curse:4 +zone:3 @enemies,,,,
Utter Ruin,class,witch,10,52,FALSE,TRUE,FALSE,,"Expend: Apply Weaken 2, Slow, and Blind to all enemies within 6 spaces.",effect +weaken:2 +slow +blind +zone:6 @enemies,,,,
Ki Transfer,subclass,ascendant,4,58,FALSE,FALSE,FALSE,,"Heal 3 HP on an adjacent ally, then restore 1 card from their discard (their choice).",heal:3 @ally; effect +restore:1 @ally,,,,
Transcend,subclass,ascendant,6,65,FALSE,FALSE,FALSE,,"Gain Bless and Boost, then heal 3 HP on yourself and restore 1 card from your discard.",effect +bless; effect +boost; heal:3; effect +restore:1,,,,
Chi Wave,subclass,ascendant,8,62,FALSE,TRUE,FALSE,,"Expend: Heal 4 HP on each ally within 4 spaces, then grant each Bless.",heal:4 +bless +zone:4 @allies,,,,
Contract,subclass,assassin,4,22,FALSE,FALSE,FALSE,,"Attack 3 and apply Curse 2 and Poison 2 to the target, then gain Hide.",attack:3 +curse:2 +poison:2; effect +hide,,,,
Shadow Kill,subclass,assassin,6,18,FALSE,FALSE,FALSE,,Attack 4 with Pierce 2 and Bleed 2. Must be hidden to use.,attack:4 +pierce:2 +bleed:2,,,,
Void Strikes,subclass,assassin,8,15,TRUE,TRUE,FALSE,,"The next 3 times allies are attacked, Move X to the attacker, and Attack 3 with Bleed 2. Exile this card when the effect ends.",,allyattacked,move:x; attack:3 +bleed:2,3,
Arcane Step,subclass,battlemage,4,25,FALSE,FALSE,FALSE,,"Move 3 spaces, then attack 3.",move:3; attack:3,,,,
Blink,subclass,battlemage,6,18,FALSE,FALSE,FALSE,,"Move 4 spaces, then gain Boost.",move:4; effect +boost,,,,
Phase Strike,subclass,battlemage,8,20,TRUE,FALSE,FALSE,,"On your next 4 attacks, deal 2 direct damage and inflict shock.",,onattack,damage:2 +shock:1 @enemy,4,
Blood Frenzy,subclass,berserker,4,30,TRUE,FALSE,FALSE,,"Ongoing: Whenever you discard a card, deal 1 damage to one enemy you can see. Ends after 3 turns.",,ondiscard,damage:1 @enemy,3,
Rampage,subclass,berserker,6,18,FALSE,FALSE,FALSE,,"Discard 1 card: Move 3 spaces, then Attack 3, then Attack 2.",discard:1; move:3; attack:3; attack:2,,,,
Death or Glory,subclass,berserker,8,12,FALSE,TRUE,FALSE,,"Expend: Take turns trading basic attacks with an adjacent enemy. You go first. If the enemy dies, recover all cards from your exile zone.",,custom,attack:2,,
Quarry,subclass,bountyhunter,4,22,TRUE,FALSE,FALSE,,"Ongoing: Select an enemy. At the start of each round, gain Boost and Bolster 3. Effect ends if enemy dies or you do not attack them on your turn.",effect +boost; effect +bolster:3,startofround,effect +boost +bolster:3 @self,,
Icy Cage,subclass,bountyhunter,6,18,FALSE,FALSE,FALSE,,Move 2. Attack 2 and apply Freeze to the target.,move:2; attack:2 +freeze,,,,
Leverage,subclass,bountyhunter,8,22,FALSE,TRUE,FALSE,,All enemies in a 4 space cone are Coerced 3.,effect +coerce:3 +cone:4 @enemies,,,,
Haymaker,subclass,brawler,4,28,FALSE,FALSE,FALSE,,Attack 2 and apply Stun to all targets in an arc.,attack:3 +stun +arc @targets,,,,
Grapple,subclass,brawler,6,35,FALSE,FALSE,FALSE,,"Attack 3 against all targets in a 3-space arc, then push each 2 spaces.",attack:2 +arc @targets; push:2 @targets,,,,
Crash Down,subclass,brawler,8,28,FALSE,TRUE,FALSE,,"Expend: Attack 4 and apply Stun to the target, then push them 3 spaces and move 3 spaces yourself.",attack:4 +stun; push:3; move:3,,,,
Snatch,subclass,burglar,4,73,FALSE,FALSE,FALSE,,"Restore 2 cards from your discard (your choice), then gain Hide.",effect +restore:2; effect +hide,,,,
Smoke Bomb,subclass,burglar,6,30,FALSE,FALSE,FALSE,,"Apply Blind to all targets within 2 spaces, then move 2 spaces.",effect +blind +zone:2 @targets; move:2,,,,
Master Thief,subclass,burglar,8,22,FALSE,TRUE,FALSE,,"Expend: Restore 3 cards from your discard (your choice), then recover 2 random cards from your exile, then move 3 spaces.",effect +restore:3; effect +recover:2; move:3,,,,
Flank,subclass,captain,4,28,FALSE,FALSE,FALSE,,"Move 2 spaces, then attack 3 with Pierce 1. One ally within 3 spaces may immediately move 2 spaces.",move:2; attack:3 +pierce:1; move:2 @ally,,,,
Rally,subclass,captain,6,55,FALSE,FALSE,FALSE,,"Grant all allies Boost, then restore 1 card from one ally's discard (their choice).",effect +boost @allies; effect +restore:1 @ally,,,,
Last Order,subclass,captain,8,68,FALSE,TRUE,FALSE,,"Expend: Grant all allies Boost and Shield 2, then heal 2 HP on each of them.",effect +boost @allies; effect +shield:2 @allies; heal:2 @allies,,,,
Mark Prey,subclass,champion,4,28,TRUE,FALSE,FALSE,,Ongoing: Select one enemy you can see. You deal 2 additional damage to that enemy with each attack. Ends after 3 turns or when that enemy is reduced to 0 HP.,,custom,damage:2 @enemy,3,
Decisive Strike,subclass,champion,6,22,FALSE,FALSE,FALSE,,"Move 2 spaces, then Attack 4 with Pierce 2. If this attack reduces the target to 0 HP, restore 1 card from your discard (your choice).",move:2; attack:4 +pierce:2,,,,
Final Challenge,subclass,champion,8,18,FALSE,TRUE,FALSE,,"Expend: Attack 5 with Pierce 3 and Bypass. Ignores Shield. If it kills the enemy, recover all cards from your exile.",attack:5 +pierce:3 +bypass,,,,
Advance and Retreat,subclass,duellist,4,25,FALSE,FALSE,FALSE,,"Move 2 spaces, attack 3 with Pierce 1, then move 1 space.",move:2; attack:3 +pierce:1; move:1,,,,
Riposte Mastery,subclass,duellist,6,62,FALSE,FALSE,FALSE,,Gain Retaliate 3 and Shield 2.,effect +retaliate:3; effect +shield:1,,,,
Perfect Form,subclass,duellist,8,28,FALSE,TRUE,FALSE,,"Expend: Attack 4 with Pierce 2, then gain Retaliate 3.",attack:4 +pierce:2; effect +retaliate:3,,,,
Ice Wall,subclass,elementalist,4,48,FALSE,FALSE,FALSE,,Apply Freeze and Slow to all targets in a 4-space line.,effect +freeze +slow +line:4 @targets,,,,
Firestorm,subclass,elementalist,6,35,FALSE,FALSE,FALSE,,Attack 3 and apply Burn to all targets in a 3-space burst.,attack:3 +burn +zone:3 @targets,,,,
Elemental Convergence,subclass,elementalist,8,38,FALSE,TRUE,FALSE,,"Expend: Attack 3 and apply Burn, Shock 2 and Freeze to all targets within three spaces.",attack:3 +burn +shock:2 +freeze +zone:3 @targets,,,,
Net and Blade,subclass,gladiator,4,32,FALSE,FALSE,FALSE,,"Attack 2 and apply Stun to the target, then attack 2 and apply Bleed 2 to them.",attack:2 +stun; attack:2 +bleed:2,,,,
Crowd Pleaser,subclass,gladiator,6,35,FALSE,FALSE,FALSE,,"Attack 2 against all targets in a 3-space line, then pull each 1 space toward you.",attack:2 +line:3 @targets; pull:1,,,,
Arena Champion,subclass,gladiator,8,28,FALSE,TRUE,FALSE,,"Expend: Attack 4 with Pierce 2 and Bleed 2, then push the target 2 spaces. Recover a card from your exile.",attack:4 +pierce:2 +bleed:2; push:2; effect +recover:1 @self,,,,
Blessed Strike,subclass,godtouched,4,35,FALSE,FALSE,FALSE,,"Attack 2 and apply Weaken 2 to the target, then heal 3 HP on one ally.",attack:2 +weaken:2; heal:3 @ally,,,,
Divine Sight,subclass,godtouched,6,58,FALSE,FALSE,FALSE,,"Grant all allies Bless, then restore 1 card from one ally's discard (their choice).",effect +bless @allies; effect +restore:1 @ally,,,,
Divine Protector,subclass,godtouched,8,68,FALSE,TRUE,FALSE,,"Expend: Grant all allies Shield 3, then heal 4 HP on each of them.",effect +shield:3 @allies; heal:4 @allies,,,,
Evil Eye,subclass,hag,4,42,FALSE,FALSE,FALSE,,"Attack 2 and apply Curse 3 to a target in Range 4, then apply Weaken 2 to them.",attack:2 +curse:3 +weaken:2 @enemy,,,,
Hex Aura,subclass,hag,6,55,TRUE,FALSE,FALSE,,Ongoing: At the start of each round apply Curse 1 and Weaken 1 to all enemies within 3 spaces. Ends when you discard this card voluntarily.,,startofround,effect +curse:1 +weaken:1 +zone:3 @enemies,,
Doom,subclass,hag,8,35,FALSE,TRUE,FALSE,,Expend: Attack 4 and apply Curse 3 to one enemy you can see.,attack:4 +curse:3,,,,
Null Strike,subclass,magehunter,4,30,FALSE,FALSE,FALSE,,Move 2 and Attack 3 with Bypass.,move:2; attack:3 +bypass,,,,
Dispel,subclass,magehunter,6,40,FALSE,FALSE,FALSE,,"Clear 2 conditions from one ally, then attack 2 and apply Weaken 2 to a target.",effect +cure:2 @ally; attack:2 +weaken:2,,,,
Mystic Lantern,subclass,magehunter,8,67,TRUE,FALSE,FALSE,,"At the start of the next three rounds, Cure 2 conditions and Apply Bless to all allies within 3 spaces.",,startofround,effect +cure:2 +bless +zone:3 @allies,3,
Flying Kick,subclass,martialartist,4,20,FALSE,FALSE,FALSE,,"Move 3 spaces, then attack 3 and apply Stun to the target.",move:3; attack:3 +stun,,,,
Iron Fist,subclass,martialartist,6,25,FALSE,FALSE,FALSE,,Attack 4 with Pierce 2.,attack:4 +pierce:2,,,,
Ten Thousand Fists,subclass,martialartist,8,28,FALSE,TRUE,FALSE,,"Expend: Attack 2, then attack 2, then attack 2 and apply Bleed 3 to the target.",attack:2; attack:2; attack:2 +bleed:3,,,,
Soul Siphon,subclass,necromancer,4,38,FALSE,FALSE,FALSE,,"Attack 2 and apply Bleed 2 to an adjacent target, then heal 3 HP on yourself.",attack:2 +bleed:2; heal:3,,,,
Corpse Rise,subclass,necromancer,6,50,TRUE,FALSE,FALSE,,"Ongoing: While active, whenever an enemy is reduced to 0 HP within 3 spaces of you, raise them as a Skeleton in their space (HP 6, Move 2, Attack 2). One Skeleton at a time.  Discard this card when the Skeleton is destroyed.",,custom,,,
Flesh Golem,subclass,necromancer,8,35,TRUE,TRUE,FALSE,,"Summon a Flesh Golem in an adjacent space. It has 14 health. Once per turn, it can Move 2 and Attack 3. Any damage done to you is redirected to the Golem. When the Golem dies, this card is exiled.",,custom,,,
Lay on Hands,subclass,paladin,4,55,FALSE,FALSE,FALSE,,"Heal 3 HP on one ally, then clear 2 conditions from them.",heal:3 @ally; effect +cure:2 @ally,,,,
Sacred Guard,subclass,paladin,6,62,FALSE,FALSE,FALSE,,"Grant one ally Shield 3, then attack 2.",effect +shield:3 @ally; attack:2,,,,
Aura of Light,subclass,paladin,8,65,FALSE,TRUE,FALSE,,"Expend: Heal 3 HP on each ally, then grant each Shield 2 and Bless.",heal:4 @allies; effect +shield:2 @allies; effect +bless @allies,,,,
Holy Fury,subclass,retributor,4,32,FALSE,FALSE,FALSE,,Attack 3 and apply Burn to all targets in a 3-space cone.,attack:3 +burn +cone:3 @targets,,,,
Wrath,subclass,retributor,6,22,FALSE,TRUE,FALSE,,Expend: Attack 4 with Pierce 1. Recover 1 card from your exile.,attack:4 +pierce:1; effect +recover:1,,,,
Judgement Day,subclass,retributor,8,35,FALSE,TRUE,FALSE,,"Expend: Attack 3 and apply Burn to all enemies in a 3-space burst, then apply Blind to each. Recover 2 cards from your exile.",attack:3 +burn +blind +zone:3 @enemies; effect +recover:2,,,,
Cat Pounce,subclass,shapeshifter,4,20,FALSE,FALSE,FALSE,,"Move 3 spaces, then attack 3 and apply Bleed 2 to the target.",move:3; attack:3 +bleed:2,,,,
Badger Form,subclass,shapeshifter,6,18,TRUE,FALSE,FALSE,,"Ongoing: At the start of the next three rounds, gain Haste and Heal 2.",,startofround,effect +haste; heal:2 @self,3,
Bear Form,subclass,shapeshifter,8,40,TRUE,FALSE,FALSE,,"Ongoing: At the start of the next three rounds, gain Bolster 2 and Retaliate 2.",,startofround,effect +bolster:2; effect +retaliate:2,3,
Dead Eye,subclass,sharpshooter,4,25,FALSE,FALSE,FALSE,,Attack 4 with Pierce 2 and Range 7,attack:4 +pierce:2 +range:5,,,,
Rapid Fire,subclass,sharpshooter,6,30,FALSE,FALSE,TRUE,+pierce:2 +bleed:2,"Append: Add Pierce 2 and Bleed 2 to an attack from your hand this turn. Standalone: Attack 2 with Range 3, then attack 2 again with Range 3.",attack:2 +range:3; attack:2 +range:3,,,,
Headshot,subclass,sharpshooter,8,20,FALSE,TRUE,FALSE,,Expend: Deal 6 damage to any target you can see.,damage:6 @target,,,,
Inspiring Verse,subclass,skald,4,35,TRUE,FALSE,FALSE,,"Ongoing: After each of your attacks, restore 1 card from one ally's discard pile (their choice). Ends after 3 turns.",,onattack,effect +restore:1 @ally,3,
War Chant,subclass,skald,6,45,FALSE,FALSE,FALSE,,"Attack 2 against all enemies within three spaces, then grant all allies Haste.",attack:2 +zone:3 @enemies; effect +haste @allies,,,,
Turn the Tide,subclass,skald,8,48,FALSE,TRUE,FALSE,,"Expend: Attack 2 against all enemies within three spaces, then grant all allies Boost and Retaliate 2.",attack:2 +zone:3 @enemies; effect +boost +retaliate:2 @allies,,,,
Holy Nova,subclass,templar,4,32,FALSE,FALSE,FALSE,,Attack 3 against all targets in a 3-space burst.,attack:3 +zone:3 @targets,,,,
Crusade,subclass,templar,6,28,FALSE,FALSE,FALSE,,"Move 2 spaces, then attack 3 and apply Burn to the target.",move:2; attack:3 +burn,,,,
Sacred Fury,subclass,templar,8,5,FALSE,TRUE,FALSE,,"Expend: Attack 4 with Pierce 3, then gain Retaliate 3.",attack:4 +pierce:3; effect +retaliate:3,,,,
Poison Spike Trap,subclass,trapper,4,38,TRUE,FALSE,FALSE,,"Throw a trap into a space with Range 5. When a target steps on the trap, they take 3 damage and are poisoned 2.",,custom,damage:3 +poison:2 @target,1,
Shrapnel Trap,subclass,trapper,6,45,TRUE,FALSE,FALSE,,"Throw a trap into a space with Range 5. Whenever a target moves adjacent to the trap, it explodes, dealing 4 damage and causing Bleed 2 in a 2 space burst.",,custom,damage:4 +bleed:2 +burst:2 @targets,1,
Pack Leader,subclass,trapper,8,42,TRUE,FALSE,FALSE,,"Summon a Wolf Companion in an adjacent space (HP 10). At the start of each of your turns, it moves 4 spaces and attacks one adjacent enemy for 2 damage, inflicting bleed. Discard this card when the Wolf is destroyed.",,startofturn,,,
Misdirect,subclass,trickster,4,35,FALSE,FALSE,FALSE,,"Apply Blind and Slow to one enemy, then move 2 spaces.",effect +blind +slow @enemy; move:2,,,,
Angle of Attack,subclass,trickster,6,20,FALSE,FALSE,FALSE,,"Apply Blind to one enemy, then Attack 3 with Bypass.",effect +blind @enemy; attack:3 +bypass,,,,
Mass Confusion,subclass,trickster,8,48,FALSE,TRUE,FALSE,,"Expend: Apply Blind, Slow, and Weaken 1 to all enemies within three spaces.",effect +blind +slow +weaken:1 +zone:3 @enemies,,,,
Power Draw,weapon,bow,1,22,FALSE,TRUE,FALSE,,Expend: Attack 4 with Pierce 2 in Range 7.,attack:4 +pierce:2 +range:7,,,,
Quickdraw,weapon,bow,1,28,FALSE,FALSE,FALSE,,"Attack 2 with Range 3, then move 2 spaces.",attack:2 +range:3; move:2,,,,
Arrow Shot,weapon,bow,1,30,FALSE,FALSE,FALSE,,Attack 3 with Range 5.,attack:3 +range:5,,,,
Hunting Arrow,weapon,bow,1,32,FALSE,FALSE,FALSE,,Attack 2 and apply Bleed 2 with Range 4.,attack:2 +bleed:2 +range:4,,,,
Twin Arrow,weapon,bow,1,35,FALSE,FALSE,FALSE,,"Attack 2 with Range 4, then attack 1 with Range 4.",attack:2 +range:4; attack:1 +range:4,,,,
Suppressing Fire,weapon,bow,1,42,FALSE,FALSE,FALSE,,"Attack 2 against all targets in a 4-space CONE with Range 4, then apply Slow to each.",attack:2 +range:4 +slow +cone:4 @targets,,,,
Rain of Arrows,weapon,bow,1,55,FALSE,FALSE,FALSE,,Attack 2 against all targets in a 3-space BURST at a point within Range 6.,attack:2 +burst:3 +range:6 @targets,,,,
Eagle Eye,weapon,bow,3,25,FALSE,FALSE,FALSE,,Attack 3 with Pierce 2 and Range 8.,attack:3 +pierce:2 +range:8,,,,
Bow Volley,weapon,bow,3,35,FALSE,FALSE,FALSE,,Attack 2 at Range 5 three times.,attack:2 +range:5; attack:2 +range:5; attack:2 +range:5,,,,
Mageslayer,weapon,bow,6,22,TRUE,FALSE,FALSE,,The next 4 attacks you make gain Bypass.,,onattack,effect +bypass @target,4,
Storm of Arrows,weapon,bow,6,38,FALSE,FALSE,FALSE,,"Attack 2 against all targets in a 3-space cone, then apply Bleed 2 to each.",attack:2 +bleed:2 +cone:3 +range:3 @targets,,,,
Godshot,weapon,bow,9,18,FALSE,TRUE,FALSE,,"Expend: Attack 4 with Pierce 3, Bleed 2, and Range 6.",attack:4 +pierce:3 +bleed:2 +range:6,,,,
Arrow Storm,weapon,bow,9,28,FALSE,TRUE,FALSE,,"Expend: Attack 3 against all targets in a 3-space burst with Range 6, then apply Bleed 3 and Shock 3 to each.",attack:3 +bleed:3 +shock:3 +burst:3 +range:6 @targets,,,,
Pocket Sand,weapon,brawling,1,12,FALSE,FALSE,FALSE,,Inflict Blind on an adjacent target. Move 2.,effect +blind @enemy; move:2,,,,
Shove,weapon,brawling,1,24,FALSE,FALSE,FALSE,,Attack 2 with push 2. Gain Bolster 1.,attack:2; push:2; effect +bolster:1,,,,
Boxer Stance,weapon,brawling,1,28,TRUE,FALSE,FALSE,,"Ongoing: For the next three turns, The first time you get attacked, gain Retaliate 1",,attacked,effect +retaliate:1,3,
Sucker Punch,weapon,brawling,1,30,FALSE,FALSE,FALSE,,Attack 2 and Move 3,attack:2; move:3,,,,
Improvised Weapon,weapon,brawling,1,43,FALSE,FALSE,FALSE,,Discard 1 card: Attack 4 with Bleed 3.,discard:1; attack:4 +bleed:3,,,,
Flurry,weapon,brawling,1,53,FALSE,FALSE,FALSE,,Attack 1 three times.,attack:1; attack:1; attack:1,,,,
Surrounded,weapon,brawling,1,77,FALSE,FALSE,FALSE,,Attack 2 on all adjacent enemies. Gain 1 retaliate for each enemy attacked.,attack:2 +zone:1 @enemies; effect +retaliate:x,,,,
Crown Bash,weapon,brawling,3,30,FALSE,FALSE,FALSE,,Attack 3 and Stun the target.,attack:3 +stun,,,,
Uppercut,weapon,brawling,3,72,FALSE,TRUE,FALSE,,Expend: Attack 5.,attack:5,,,,
Spinning Strike,weapon,brawling,6,42,FALSE,FALSE,FALSE,,Attack 3 against all adjacent targets.,attack:3 +zone:1 @targets,,,,
Adrenaline Rush,weapon,brawling,6,52,TRUE,FALSE,FALSE,,"Ongoing: At the start of the next three rounds, gain Boost and Haste.",,startofround,effect +boost; effect +haste,3,
Heartstopper,weapon,brawling,9,20,FALSE,TRUE,FALSE,,Expend: Inflict 6 damage on an adjacent target. Apply Stun and Bleed 3.,damage:6 +stun +bleed:3,,,,
Rampage,weapon,brawling,9,38,FALSE,TRUE,FALSE,,"Expend: Move 2, then Attack 4 against every adjacent enemy. Gain Retaliate 4.",move:2; attack:4 +zone:1 @enemies; effect +retaliate:4,,,,
Sneak Shot,weapon,crossbow,1,18,FALSE,FALSE,FALSE,,"Attack 3 with Range 3, then gain Hide.",attack:3 +range:3; effect +hide,,,,
Heavy Bolt,weapon,crossbow,1,89,FALSE,TRUE,FALSE,,Expend: Attack 5 with Pierce 3 and Range 4.,attack:5 +pierce:3 +range:4,,,,
Through Shot,weapon,crossbow,1,22,FALSE,FALSE,FALSE,,Attack 2 against all targets in a LINE of 5 spaces. The bolt passes through each target in its path.,attack:2 +line:5 @targets,,,,
Piercing Bolt,weapon,crossbow,1,25,FALSE,FALSE,FALSE,,Attack 3 with Pierce 2 and Range 4.,attack:3 +pierce:2 +range:4,,,,
Ghost Bolt,weapon,crossbow,1,28,FALSE,FALSE,FALSE,,"Attack 2 with Range 3, then gain Hide.",attack:2 +range:3; effect +hide,,,,
Poison Bolt,weapon,crossbow,1,30,FALSE,FALSE,FALSE,,Attack 2 and apply Poison 3 with Range 3.,attack:2 +poison:3 +range:3,,,,
Marked Quarry,weapon,crossbow,1,38,TRUE,FALSE,FALSE,,Ongoing: Choose one enemy within Range 5. Attacks against that enemy deal 1 additional damage. Ends after 3 attacks.,,custom,damage:1 @target,3,
Precision Bolt,weapon,crossbow,3,22,FALSE,FALSE,FALSE,,Attack 4 with Pierce 1 and Range 5.,attack:4 +pierce:1 +range:5,,,,
Suppressive Volley,weapon,crossbow,3,28,FALSE,FALSE,FALSE,,"Attack 2 against all targets in a 4-space cone, then gain Hide.",attack:2 +cone:4 @targets; effect +hide,,,,
Siege Bolt,weapon,crossbow,6,20,FALSE,FALSE,FALSE,,Attack 4 with Pierce 3 and Range 5.,attack:4 +pierce:3 +range:5,,,,
Shadow Spike,weapon,crossbow,6,22,FALSE,FALSE,FALSE,,"Attack 3 against all targets in a 6 space line, then gain Hide.",attack:3 +line:6 @targets; effect +hide,,,,
Assassin's Mark,weapon,crossbow,9,15,TRUE,TRUE,FALSE,,Gain Boost. Your next three attacks gain Bleed 2 and Weaken 2.,effect +boost @self,,effect +bleed:2 +weaken:2 @target,,
Ghost Volley,weapon,crossbow,9,18,FALSE,TRUE,FALSE,,"Expend: Attack 4 against all targets in a 6 space line, inflicting Bleed 2, then gain Hide.",attack:4 +bleed:2 +line:6 @targets; effect +hide @self,,,,
Shatter,weapon,cudgel,1,30,FALSE,FALSE,FALSE,,"Attack 2 with Pierce 2, then push the target 1 space.",attack:2 +pierce:2; push:1,,,,
Wild Swing,weapon,cudgel,1,30,FALSE,FALSE,FALSE,,Discard 1 card: Attack 3 and apply Stun to all targets in a 3-space arc.,discard:1; attack:3 +stun +arc @targets,,,,
Heavy Bash,weapon,cudgel,1,32,FALSE,FALSE,FALSE,,Attack 3 and apply Stun to the target.,attack:3 +stun,,,,
Pummel,weapon,cudgel,1,35,FALSE,FALSE,FALSE,,"Attack 2, then attack 1 and apply Stun to the target.",attack:2; attack:1 +stun,,,,
Bludgeon,weapon,cudgel,1,38,FALSE,FALSE,FALSE,,Attack 2 and Slow the target.,attack:2 +slow,,,,
Crippling Blow,weapon,cudgel,1,40,FALSE,FALSE,FALSE,,"Attack 2 and apply Weaken 2 to the target, then push them 1 space.",attack:2 +weaken:2; push:1,,,,
Intimidating Stance,weapon,cudgel,1,55,TRUE,FALSE,FALSE,,"Ongoing: At the start of the next three rounds, adjacent enemies gain Weaken 1.",,startofround,effect +weaken:1 +zone:1 @enemies,3,
Battering Ram,weapon,cudgel,3,25,FALSE,FALSE,FALSE,,"Move 2 spaces, then attack 3, then push the target 2 spaces.",move:2; attack:3; push:2,,,,
Skull Crack,weapon,cudgel,3,28,FALSE,FALSE,FALSE,,Attack 3 with Pierce 1 and Stun.,attack:3 +pierce:1 +stun,,,,
Concuss,weapon,cudgel,6,30,FALSE,FALSE,FALSE,,Attack 3 and apply Stun and Weaken 2 to the target.,attack:3 +stun +weaken:2,,,,
Shockwave,weapon,cudgel,6,35,FALSE,FALSE,FALSE,,"Attack 2 against all targets in a 2-space burst, then push each 1 space.",attack:2 +zone:2 @targets; push:1,,,,
Mete Out Judgment,weapon,cudgel,9,25,TRUE,FALSE,FALSE,,"At the start of the next 3 rounds, gain Boost, Bless, and Retaliate 1.",attack:4 +pierce:2 +stun; push:2,startofround,effect +boost +bless +retaliate:1,,
Earthshatter,weapon,cudgel,9,32,FALSE,TRUE,FALSE,,"Expend: Attack 3 against all targets in a 4 space cone, then push each 2 spaces and apply Slow.",attack:3 +slow +cone:4 @targets; push:3,,,,
Vanishing Step,weapon,daggers,1,18,FALSE,FALSE,FALSE,,"Move 2 spaces, attack 2, then gain Hide.",move:2; attack:2; effect +hide,,,,
Dash and Stab,weapon,daggers,1,20,FALSE,FALSE,FALSE,,"Move 2 spaces, then attack 3.",move:2; attack:3,,,,
Razor Rush,weapon,daggers,1,20,FALSE,FALSE,FALSE,,"Discard 1 card: Attack 2, attack 2, then attack 1.",discard:1; attack:2; attack:2; attack:1,,,,
Dual Strike,weapon,daggers,1,22,FALSE,FALSE,FALSE,,"Attack 2, then attack 1 and apply Bleed 2 to the target.",attack:2; attack:1 +bleed:2,,,,
Poison Tip,weapon,daggers,1,25,FALSE,FALSE,FALSE,,Attack 2 and apply Poison 3 to the target.,attack:2 +poison:3,,,,
Fan of Knives,weapon,daggers,1,28,FALSE,FALSE,FALSE,,Attack 2 against all targets in a 3-space cone.,attack:2 +cone:3 @targets,,,,
Smoke Screen,weapon,daggers,1,48,TRUE,FALSE,FALSE,,"Ongoing: While in the ongoing zone, when you attack an enemy, apply Blind to them. Ends after 3 triggers.",,onattack,effect +blind @enemy,3,
Whirling Blades,weapon,daggers,3,22,FALSE,FALSE,FALSE,,"Move 2 spaces, then attack 2 and apply Bleed 1 to all adjacent enemies.",move:2; attack:2 +bleed:1 +zone:1 @enemies,,,,
Death's Dance,weapon,daggers,3,25,FALSE,FALSE,FALSE,,"Attack 3 and apply Bleed 2 to the target, then move 2 spaces.",attack:3 +bleed:2; move:2,,,,
Shadow Slash,weapon,daggers,6,18,FALSE,FALSE,FALSE,,"Attack 4 with Bypass, then gain Hide.",attack:4 +bypass; effect +hide,,,,
Blade Storm,weapon,daggers,6,25,FALSE,FALSE,FALSE,,Attack 3 and apply Bleed 2 to all targets in a 3-space cone.,attack:3 +bleed:2 +cone:3 @targets,,,,
Death Whirl,weapon,daggers,9,18,FALSE,TRUE,FALSE,,"Expend: Move 3 spaces, then attack 3 and apply Bleed 2 to all adjacent enemies, then gain Hide.",move:3; attack:3 +bleed:2 +zone:1 @enemies; effect +hide,,,,
Blade Frenzy,weapon,daggers,9,22,FALSE,TRUE,FALSE,,"Expend: Attack 3, then attack 3, then attack 3 and apply Bleed 3 to the target.",attack:3; attack:3; attack:3 +bleed:3,,,,
Haft,weapon,greataxe,1,12,FALSE,FALSE,FALSE,,Attack 1 with stun.,attack:1 +stun,,,,
Heave,weapon,greataxe,1,20,FALSE,FALSE,FALSE,,Attack 2 and push the target 3 spaces.,attack:2; push:3,,,,
Axe Rush,weapon,greataxe,1,25,FALSE,FALSE,FALSE,,"Move 2 spaces, then attack 3.",move:2; attack:3,,,,
Overhead,weapon,greataxe,1,28,FALSE,FALSE,FALSE,,Attack 4.,attack:4,,,,
Sundering Blow,weapon,greataxe,1,30,FALSE,FALSE,FALSE,,Attack 3 with Pierce 2.,attack:3 +pierce:2,,,,
Cleave,weapon,greataxe,1,35,FALSE,FALSE,FALSE,,Attack 2 against all targets in a 3-space arc.,attack:2 +arc @targets,,,,
Blood Cleave,weapon,greataxe,1,38,FALSE,FALSE,FALSE,,Discard 1 card: Attack 4 with Bleed 2.,discard:1; attack:4 +bleed:2,,,,
Sundering Strike,weapon,greataxe,3,25,FALSE,FALSE,FALSE,,Attack 3 with Pierce 3 in an arc.,attack:3 +pierce:3 +arc @targets,,,,
Whirlwind Chop,weapon,greataxe,3,28,FALSE,FALSE,FALSE,,"Attack 3 against all adjacent targets, then push each 1 space.",attack:3 +zone:1 @targets; push:1,,,,
Decapitate,weapon,greataxe,6,22,FALSE,TRUE,FALSE,,Expend: Attack 4 with Pierce 3 and Bleed 2.,attack:4 +pierce:3 +bleed:2,,,,
Ravager's Sweep,weapon,greataxe,6,32,FALSE,FALSE,FALSE,,Attack 3 and apply Bleed 2 to all targets in a 3-space arc.,attack:3 +bleed:2 +arc @targets,,,,
Titan's Fall,weapon,greataxe,9,20,FALSE,TRUE,FALSE,,"Boost, then Move 3 and Attack 5 with Pierce 3 and Bypass. This attack can only be used against major enemies.",effect +boost; move:3; attack:5 +pierce:3 +bypass,,,,
Blood Harvest,weapon,greataxe,9,28,FALSE,TRUE,FALSE,,"Expend: Attack 3 and apply Bleed 3 to all targets in a 2-space burst, then heal 5 HP on yourself.",attack:3 +bleed:3  +zone:2 @targets; heal:5,,,,
Charge,weapon,greatsword,1,22,FALSE,FALSE,FALSE,,"Move 3 spaces, then attack 3.",move:3; attack:3,,,,
Exploit Opening,weapon,greatsword,1,28,TRUE,FALSE,FALSE,,"Ongoing: the next 3 times you take damage from an adjacent enemy, Attack 2 and inflict Bleed 1.",,damaged,attack:2 +bleed:1,3,
Reckless Cleave,weapon,greatsword,1,28,FALSE,FALSE,FALSE,,Discard 1 card: Attack 3 and apply Bleed 2 to all adjacent targets.,discard:1; attack:3 +bleed:2 +zone:1 @targets,,,,
Whirlwind Slash,weapon,greatsword,1,30,FALSE,FALSE,FALSE,,"Attack 2 against all adjacent targets, then move 2 spaces.",attack:2 +zone:1 @targets; move:2,,,,
Heavy Swing,weapon,greatsword,1,32,FALSE,FALSE,FALSE,,Attack 3 and apply Bleed 2 to the target.,attack:3 +bleed:2,,,,
Great Cleave,weapon,greatsword,1,35,FALSE,FALSE,FALSE,,Attack 3 against all targets in a 3-space arc.,attack:3 +arc @targets,,,,
War Stance,weapon,greatsword,1,58,TRUE,FALSE,FALSE,,"Ongoing: While in the ongoing zone, deal 1 direct damage to attackers. Ends after 5 triggers.",,attacked,damage:1 @enemy,5,
Spinning Slash,weapon,greatsword,3,25,FALSE,FALSE,FALSE,,"Move 2 spaces, then attack 3 against all adjacent targets.",move:2; attack:3 +zone:1 @targets,,,,
Rend,weapon,greatsword,3,28,FALSE,FALSE,FALSE,,Attack 3 with Pierce 1 and Bleed 3.,attack:3 +pierce:1 +bleed:3,,,,
Dragon Charge,weapon,greatsword,6,20,FALSE,FALSE,FALSE,,"Move 3 spaces, then attack 4 with Pierce 1.",move:3; attack:4 +pierce:1,,,,
Sweeping Blow,weapon,greatsword,6,32,FALSE,FALSE,FALSE,,"Attack 3 against all targets in a 3-space arc, then push each 2 spaces.",attack:3 +arc @targets; push:2,,,,
World Splitter,weapon,greatsword,9,18,FALSE,TRUE,FALSE,,Expend: Attack 4 with Pierce 3 and Bypass.,attack:4 +pierce:3 +bypass,,,,
Maelstrom,weapon,greatsword,9,22,FALSE,TRUE,FALSE,,"Expend: Move 3 spaces, then attack 4 with Bleed 3 against all adjacent enemies",move:3; attack:4 +bleed:3 +zone:1 @enemies,,,,
Blinding Beam,weapon,mageblade,1,7,FALSE,FALSE,FALSE,,"Attack 1 with Range 5, inflicting Blind.",attack:1 +range:5 +blind,,,,
Blink Strike,weapon,mageblade,1,13,FALSE,FALSE,FALSE,,Discard a card. Move 4 and Attack 3 with Bypass.,discard:1; move:4; attack:3 +bypass,,,,
Projection,weapon,mageblade,1,26,FALSE,FALSE,FALSE,,Move 3 and gain Shield 3.,move:3; effect +shield:3,,,,
Conduit,weapon,mageblade,1,33,FALSE,FALSE,FALSE,,Move 2 and Attack 2 with Shock 2.,move:2; attack:2 +shock:2,,,,
Searing Blade,weapon,mageblade,1,36,FALSE,FALSE,FALSE,,Move 1 and Attack 2 with Burn.,move:1; attack:2 +burn,,,,
Icicle,weapon,mageblade,1,50,FALSE,FALSE,FALSE,,Attack 2 with Freeze and Pierce 1,attack:2 +freeze +pierce:1,,,,
Hungry Blade,weapon,mageblade,1,65,TRUE,FALSE,FALSE,,"Ongoing: At the start of each turn, gain Boost and Bleed 1.",,startofturn,effect +bleed:1 @self; effect +boost,,
Arcane Cleave,weapon,mageblade,3,28,FALSE,FALSE,FALSE,,"Attack 2 against all targets in a CONE of 2 spaces, applying Freeze.",attack:2 +freeze +cone:2 @targets,,,,
Lightning Blade,weapon,mageblade,3,35,FALSE,FALSE,FALSE,,"Attack 2 with Shock 3, then Move 2. Restore one card from your discard pile.",attack:2 +shock:3; move:2; effect +restore:1,,,,
Runic Burst,weapon,mageblade,6,30,FALSE,TRUE,FALSE,,Expend: Attack 4 with Shock 3 against all adjacent targets.,attack:4 +shock:3 +zone:1 @targets,,,,
Ethereal Form,weapon,mageblade,6,45,TRUE,FALSE,FALSE,,Ongoing: Gain Shield 2 and Haste at the start of the next 3 rounds.,,startofround,effect +shield:2; effect +haste,3,
Void Slash,weapon,mageblade,9,18,FALSE,TRUE,FALSE,,Expend: Attack 6 with Pierce 4. Apply Freeze and Shock 2 to the target.,attack:6 +pierce:4 +freeze +shock:2,,,,
Blade Nova,weapon,mageblade,9,55,FALSE,FALSE,FALSE,,Attack 4 against all adjacent combatants. Apply Burn to all targets hit.,attack:4 +burn +zone:1 @targets,,,,
Quickstep,weapon,rapier,1,14,FALSE,FALSE,FALSE,,Move 3 spaces and gain Haste.,move:3; effect +haste,,,,
Feint,weapon,rapier,1,18,FALSE,FALSE,FALSE,,"Attack 1 and apply Weaken 1 to the target, then move 2 spaces.",attack:1 +weaken:1; move:2,,,,
Dance,weapon,rapier,1,22,FALSE,FALSE,FALSE,,"Move 2 spaces, attack 2, then move 1 space.",move:2; attack:2; move:1,,,,
Thrust,weapon,rapier,1,25,FALSE,FALSE,FALSE,,"Move 1 space, then attack 3 with Pierce 1.",move:1; attack:3 +pierce:1,,,,
Find the Gap,weapon,rapier,1,30,FALSE,FALSE,FALSE,,Attack 3 with Pierce 2.,attack:3 +pierce:2,,,,
Riposte,weapon,rapier,1,40,TRUE,FALSE,FALSE,,"Ongoing: Gain Retaliate 2. Each time you Retaliate, deal 1 additional damage to the attacker. Discard this card when your Retaliate is depleted.",effect +retaliate:2,onretaliate,damage:1 @enemy,,
Battle Rhythm,weapon,rapier,1,43,TRUE,FALSE,FALSE,,"Ongoing: The next 3 times you Retaliate, heal 1.",,onretaliate,heal:1,3,
Flowing Strikes,weapon,rapier,3,28,FALSE,FALSE,FALSE,,"Attack 2, then attack 2 with Pierce 1.",attack:2; attack:2 +pierce:1,,,,
Guard Stance,weapon,rapier,3,52,FALSE,FALSE,FALSE,,"Gain Retaliate 3, then attack 2.",effect +retaliate:3; attack:2,,,,
Pinpoint Lunge,weapon,rapier,6,22,FALSE,FALSE,FALSE,,Attack 4 with Pierce 3.,attack:4 +pierce:3,,,,
Blade Dance,weapon,rapier,6,25,FALSE,FALSE,FALSE,,"Move 2 spaces, attack 3 with Pierce 1, then move 1 space.",move:2; attack:3 +pierce:1; move:1,,,,
Perfect Thrust,weapon,rapier,9,18,FALSE,TRUE,FALSE,,Expend: Attack 4 with Pierce 4 and Bypass.,attack:4 +pierce:4 +bypass,,,,
Endless Dance,weapon,rapier,9,22,FALSE,TRUE,FALSE,,"Expend: Move 2 spaces, attack 3, move 2 spaces, then attack 2 with Pierce 1.",move:2; attack:3; move:2; attack:2 +pierce:1,,,,
Ember Arc,weapon,staff,1,32,FALSE,FALSE,FALSE,,"Move 2 spaces, then attack 2 against all enemies in an arc. Targets hit gain Burn.",move:2; attack:2 +burn +arc @enemies,,,,
Electric Shock,weapon,staff,1,35,FALSE,FALSE,FALSE,,Attack 2 and apply Shock 1 to all enemies in a LINE of 3 spaces.,attack:2 +shock:1 +line:3 @enemies,,,,
Staff Sweep,weapon,staff,1,38,FALSE,FALSE,FALSE,,Attack 3 against all enemies in a 3-space arc and apply Slow to each.,attack:3 +slow +arc @enemies,,,,
Shock Nova,weapon,staff,1,40,FALSE,FALSE,FALSE,,Attack 2 and apply Shock 2 to all enemies within 2 spaces.,attack:2 +shock:2 +zone:2 @enemies,,,,
Frozen Blast,weapon,staff,1,45,FALSE,FALSE,FALSE,,"Attack 1 against all enemies in a 3-space Burst at Range 5, inflicting freeze.",attack:1 +freeze +burst:3 +range:5 @enemies,,,,
Channel,weapon,staff,1,55,FALSE,FALSE,FALSE,,"Gain Boost, then restore 1 card from your discard (your choice).",effect +boost; effect +restore:1,,,,
Mana Well,weapon,staff,1,62,TRUE,FALSE,FALSE,,"Ongoing: At the start of your next 3 turns, gain Boost.",,startofturn,effect +boost,3,
Staff to the Face,weapon,staff,3,28,FALSE,FALSE,FALSE,,"Move 3 spaces, then attack 2.",move:3; attack:2,,,,
Arcane Torrent,weapon,staff,3,30,FALSE,FALSE,FALSE,,Attack 3 and apply Burn to all enemies in a 4-space cone.,attack:3 +burn +cone:4 @enemies,,,,
Tempest Staff,weapon,staff,6,32,FALSE,FALSE,FALSE,,"Attack 3 and apply Shock 1 to all enemies in a 3-space burst, then push each 1 space.",attack:3 +shock:1 +zone:3 @enemies; push:1,,,,
Frost Lash,weapon,staff,6,42,FALSE,FALSE,FALSE,,"Attack 2 against all enemies in a 5-space line, then apply Freeze and Stun to each.",attack:2 +freeze +stun +line:5 @enemies,,,,
Cascade,weapon,staff,9,30,TRUE,TRUE,FALSE,,"Expend: Now and at the start of your next 3 turns, Attack 3 and inflict Shock 2 against all enemies in a 3-space burst in Range 6.",attack:3 +shock:2 +burst:3 +range:6 @enemies,startofturn,attack:3 +shock:2 +burst:3 +range:6 @enemies,3,
Stormcaller,weapon,staff,9,35,FALSE,TRUE,FALSE,,"Expend: Attack 3 and apply Shock to all enemies in a 4-space BURST at Range 6, then apply Freeze to each and push each 2 spaces.",attack:3 +shock:1 +freeze +burst:4 +range:6 @enemies; push:2,,,,
Take Position,weapon,swordshield,1,20,FALSE,FALSE,FALSE,,Move 3 and gain shield 1.,move:3; effect +shield:1,,,,
Shield Bash,weapon,swordshield,1,38,FALSE,FALSE,FALSE,,"Attack 2 and apply Stun to the target, then push them 1 space.",attack:2 +stun; push:1,,,,
Defensive Lunge,weapon,swordshield,1,42,FALSE,FALSE,FALSE,,"Move 2 spaces, then attack 2, then gain Retaliate 2.",move:2; attack:2; effect +retaliate:2,,,,
Sword Thrust,weapon,swordshield,1,48,FALSE,FALSE,FALSE,,Attack 3 with pierce 2.,attack:3 +pierce:2,,,,
Guard,weapon,swordshield,1,65,FALSE,FALSE,FALSE,,"Grant one ally Shield 1, then attack 2.",effect +shield:1 @ally; attack:2,,,,
Raise Shield,weapon,swordshield,1,72,FALSE,FALSE,FALSE,,Gain Bolster 3 and Retaliate 3.,effect +bolster:3 +retaliate:3,,,,
Retaliation,weapon,swordshield,1,90,FALSE,FALSE,FALSE,,"Attack X, where X is the damage you have taken this round. Heal 3.",attack:x; heal:3,,,,
Advance Guard,weapon,swordshield,3,35,FALSE,FALSE,FALSE,,"Move 2 spaces, then attack 2 with Pierce 1, then gain Bolster 2.",move:2; attack:2 +pierce:1; effect +bolster:2,,,,
Counter Stance,weapon,swordshield,3,62,TRUE,FALSE,FALSE,,"Ongoing: The next 4 times an enemy enters or exits an adjacent space, Attack 2",,custom,attack:2 @enemy,4,
Blade Fortress,weapon,swordshield,6,68,TRUE,FALSE,FALSE,,Ongoing: At the start of each round grant all allies within 2 spaces Shield 1. Ends when you discard this card voluntarily.,,startofround,effect +shield:1 +zone:2 @allies,,
Indomitable,weapon,swordshield,6,75,TRUE,FALSE,FALSE,,"The next five times you attack, gain Bolster 1 and Retaliate 1.",effect +shield:4; effect +retaliate:2,onattack,effect +bolster:1 +retaliate:1,5,
Unstoppable,weapon,swordshield,9,45,FALSE,TRUE,FALSE,,"Expend: Attack 4 with Pierce 3, then gain Retaliate 4.",attack:4 +pierce:3; effect +retaliate:4,,,,
Last Wall,weapon,swordshield,9,75,FALSE,TRUE,FALSE,,"Expend: Grant all allies Shield 3, then attack 4.",effect +shield:5 @allies; attack:4,,,,
Words of Waning,weapon,tome,1,38,FALSE,FALSE,FALSE,,Attack 2 against all targets in a CONE of 3 spaces. Apply Weaken 1 to each target hit.,attack:2 +weaken:1 +cone:3 @targets,,,,
Forbidden Verse,weapon,tome,1,42,FALSE,FALSE,FALSE,,Attack 1 against all targets in a LINE of 3 spaces. Apply Curse 1 to each target hit.,attack:1 +curse:1 +line:3 @targets,,,,
Hex Trap,weapon,tome,1,45,FALSE,FALSE,FALSE,,Discard 1 card: Apply Slow and Freeze to all targets in a 1-space BURST at a point within Range 3.,discard:1; effect +slow +freeze +burst:1 +range:3 @targets,,,,
Binding Words,weapon,tome,1,48,FALSE,FALSE,FALSE,,Apply Slow and Weaken 2 to one enemy.,effect +slow +weaken:2 @enemy,,,,
Scholar's Recovery,weapon,tome,1,60,FALSE,FALSE,FALSE,,Restore 2 cards from your discard (your choice).,effect +restore:2,,,,
Dark Contract,weapon,tome,1,68,TRUE,FALSE,FALSE,,"Ongoing: At the start of each round, an enemy within 3 spaces gains Curse 1. Ends when you discard this card voluntarily.",,startofround,effect +curse:1 @enemy,,
Inscribed Ward,weapon,tome,1,70,TRUE,FALSE,FALSE,,Ongoing: While in the ongoing zone gain Shield 1 at the start of each round. Ends when you discard this card voluntarily.,,startofround,effect +shield:1,,
Sealed Knowledge,weapon,tome,3,50,FALSE,FALSE,FALSE,,"Restore 2 cards from your discard (your choice), then attack 2 with Pierce 1 at Range 4.",effect +restore:2; attack:2 +pierce:1 +range:4,,,,
Tome of Binding,weapon,tome,3,62,TRUE,FALSE,FALSE,,Ongoing: At the start of each round apply Curse 1 to all enemies within 3 spaces. Ends when you discard this card voluntarily.,,startofround,effect +curse:1 +zone:3 @enemies,,
Chapter of Ruin,weapon,tome,6,42,FALSE,FALSE,FALSE,,Attack 2 and apply Curse 3 and Weaken 2 to one enemy.,attack:2 +curse:3 +weaken:2,,,,
Pact Inscription,weapon,tome,6,68,TRUE,FALSE,FALSE,,Ongoing: While in the ongoing zone gain Retaliate 3 at the start of each round. Ends when you discard this card voluntarily.,,startofround,effect +retaliate:3,,
Final Chapter,weapon,tome,9,48,FALSE,TRUE,FALSE,,"Expend: Attack 3 against all enemies in a 4-space burst, then apply Curse 3 and Weaken 2 to each.",attack:3 +curse:3 +weaken:2 +zone:4 @enemies,,,,
Golden Codex,weapon,tome,9,65,FALSE,TRUE,FALSE,,"Expend: Restore 3 cards from your discard (your choice), then heal 3 HP and grant Bless to all allies in Range 3.",effect +restore:3; heal:3 +bless +zone:3 @allies,,,,
Overcharge,weapon,wand,1,22,FALSE,TRUE,FALSE,,Expend: Attack 4 with Range 4.,attack:4 +range:4,,,,
Bolt,weapon,wand,1,28,FALSE,FALSE,FALSE,,Attack 3 with Range 3.,attack:3 +range:3,,,,
Twin Bolt,weapon,wand,1,30,FALSE,FALSE,FALSE,,"Attack 2 with Range 3, then attack 1 with Range 3.",attack:2 +range:3; attack:1 +range:3,,,,
Mystic Dart,weapon,wand,1,35,FALSE,FALSE,FALSE,,Attack 2 and apply Curse 1 with Range 3.,attack:2 +curse:1 +range:3,,,,
Homing Bolt,weapon,wand,1,38,FALSE,FALSE,FALSE,,Attack 2 and apply Weaken 2 with Range 6.,attack:2 +weaken:2 +range:6,,,,
Evasive Chant,weapon,wand,1,46,TRUE,FALSE,FALSE,,"Ongoing: The next three times you take damage, gain Shield 1.",,damaged,effect +shield:1,3,
Swap,weapon,wand,1,57,FALSE,FALSE,FALSE,,Swap places with any target with Range 3.,,,,,
Chain Bolt,weapon,wand,3,28,FALSE,FALSE,FALSE,,Attack 3 and apply Shock 2 against three enemies with Range 4,attack:3 +shock:2 +range:4 @enemies,,,,
Mystic Volley,weapon,wand,3,30,FALSE,FALSE,FALSE,,"Attack 2 and apply Curse 2 with Range 3, then attack 1 with Range 3.",attack:2 +curse:2 +range:3; attack:1 +range:3,,,,
Warp Bolt,weapon,wand,6,22,FALSE,FALSE,FALSE,,Attack 4 with Pierce 2 and Range 5.,attack:4 +pierce:2 +range:5,,,,
Soul Bolt,weapon,wand,6,28,FALSE,FALSE,FALSE,,Attack 3 with Bleed 2 and Curse 1 at Range 4.,attack:3 +bleed:2 +curse:1 +range:4,,,,
Desolate,weapon,wand,9,18,FALSE,TRUE,FALSE,,Expend: Attack 4 with Pierce 3 and Range 6. Restore 3 cards from your discard.,attack:4 +pierce:3 +range:6; effect +restore:3 @self,,,,
Hexsplosion,weapon,wand,9,32,FALSE,TRUE,FALSE,,Expend: Attack 3 and apply Curse 3 to all targets in a 3-space burst at Range 6.,attack:3 +curse:3 +burst:3 +range:6 @targets,,,,
Hammer Drive,weapon,warhammer,1,18,FALSE,FALSE,FALSE,,"Attack 3 with Pierce 2, then push the target 1 space.",attack:3 +pierce:2; push:1,,,,
Forge Blow,weapon,warhammer,1,25,FALSE,FALSE,FALSE,,Attack 3 and apply Bleed 2 to the target.,attack:3 +bleed:2,,,,
Seismic Strike,weapon,warhammer,1,28,FALSE,FALSE,FALSE,,"Attack 2 and apply Stun to the target, then push them 1 space.",attack:2 +stun; push:1,,,,
Concussive Wave,weapon,warhammer,1,32,FALSE,FALSE,FALSE,,Discard 1 card: Attack 3 and push all targets in a 3-space arc 2 spaces.,discard:1; attack:3 +arc @targets; push:2,,,,
Crushing Blow,weapon,warhammer,1,32,FALSE,FALSE,FALSE,,Attack 3 with Pierce 1 and Weaken 2.,attack:3 +pierce:1 +weaken:2,,,,
Heavy Impact,weapon,warhammer,1,38,FALSE,FALSE,FALSE,,"Boost, then Attack 2 against all targets in a 3-space arc, then push each 1 space.",effect +boost; attack:2 +arc @targets; push:1,,,,
Hammer Rhythm,weapon,warhammer,1,48,TRUE,FALSE,FALSE,,Ongoing: The next 3 attacks you make push the target 1 space after hitting. Ends when depleted.,,onattack,push:1,3,
Hammer Throw,weapon,warhammer,3,22,FALSE,FALSE,FALSE,,Attack 4 with Pierce 2 at Range 3.,attack:4 +pierce:2 +range:3,,,,
Quake,weapon,warhammer,3,32,FALSE,FALSE,FALSE,,"Attack 2 against all targets in a 3-space burst, then push each 2 spaces.",attack:2 +zone:3 @targets; push:2,,,,
Thunderstrike,weapon,warhammer,6,28,FALSE,FALSE,FALSE,,"Attack 3 and apply Stun and Shock 3 to the target, then push them 3 spaces.",attack:3 +stun +shock:3; push:3,,,,
Earthquake,weapon,warhammer,6,35,FALSE,FALSE,FALSE,,"Attack 3 with Slow against all targets in a 3-space burst, then push each 2 spaces.",attack:3 +slow +zone:3 @targets; push:2,,,,
Cataclysm,weapon,warhammer,9,22,FALSE,TRUE,FALSE,,Expend: Move 3 and Attack 4 with Pierce 3 and Stun in a 4 space cone.,move:3; attack:4 +pierce:3 +stun +cone:4 @targets,,,,
Tectonic Slam,weapon,warhammer,9,28,TRUE,TRUE,FALSE,,"Expend: Now and at the end of your next three turns, Attack 4 with Stun in a 2 space burst.",attack:4 +stun +zone:2 @targets,endofturn,attack:4 +stun +zone:2 @targets,3,
Lash,weapon,whipblade,1,8,FALSE,FALSE,FALSE,,"Attack 1 at Range 2, applying Bleed 1",attack:1 +range:2 +bleed:1,,,,
Kickflip,weapon,whipblade,1,11,FALSE,FALSE,FALSE,,"Attack 1 with Bleed 2 at range 2, then move 2 spaces.",attack:1 +range:2 +bleed:2; move:2,,,,
Crack,weapon,whipblade,1,16,FALSE,FALSE,FALSE,,Attack 1 and apply Stun at Range 2,attack:1 +stun +range:2,,,,
Swingline,weapon,whipblade,1,33,FALSE,FALSE,FALSE,,"Attack 1 with Range 3, then Pull target 2.",attack:1 +range:3; pull:2,,,,
Electrified Cable,weapon,whipblade,1,35,FALSE,FALSE,FALSE,,"Attack 2 at Range 2, applying Shock 2.",attack:2 +range:2 +shock:2,,,,
Whip Slam,weapon,whipblade,1,54,FALSE,FALSE,FALSE,,Attack 2 with Pierce 2 against all targets in a 3 space line.,attack:2 +pierce:2 +line:3 @targets,,,,
Spinning Stance,weapon,whipblade,1,62,TRUE,FALSE,FALSE,,Ongoing: Gain Retaliate 3. The next three enemies that attack you gain Weaken 2.,effect +retaliate:3,attacked,effect +weaken:2 @enemy,3,
Back Roll,weapon,whipblade,3,26,FALSE,FALSE,FALSE,,"Attack 3 with range 2, then move 2 spaces.",attack:2 +range:2; move:2,,,,
Swinging Arc,weapon,whipblade,3,79,FALSE,FALSE,FALSE,,Attack 2 with Bleed 2 against all targets within 2 spaces.,attack:2 +bleed:2 +zone:2 @targets,,,,
Bolas,weapon,whipblade,6,12,FALSE,FALSE,FALSE,,"Attack 2 with Range 3. Pull the target 2, applying Stun and Weaken 2.",attack:2 +range:3 +stun +weaken:2,,,,
49 Lashes,weapon,whipblade,6,31,FALSE,TRUE,FALSE,,Attack 2 with range 3. Repeat this 3 more times.,attack:2 +range:3; attack:2 +range:3; attack:2 +range:3; attack:2 +range:3,,,,
Total Mastery,weapon,whipblade,9,28,TRUE,FALSE,FALSE,,Ongoing: Gain Retaliate 4 and Shield 4. The next 4 enemies that attack you gain Bleed 2.,effect +retaliate:4; effect +shield:4,attacked,effect +bleed:2 @enemy,4,
Razor Wire,weapon,whipblade,9,45,TRUE,FALSE,FALSE,,"Ongoing: Whenever an enemy enters an adjacent space, you may inflict Bleed 3 and move 2. Discard this after three uses.",,custom,effect +bleed:3 @enemy; move:2,3,
Psychic Lance,class,psychic,1,35,FALSE,FALSE,FALSE,,"Deal 1 direct damage to a target at Range 4, dealing stun.",damage:1 +stun +range:4,,,,
Mind Shackle,class,psychic,1,13,FALSE,FALSE,FALSE,,Coerce 1: force all enemies in a 3 space cone to move up to 1 space and attack another combatant for 1 damage.,effect +coerce:1 +cone:3 @enemies,,,,
Cloud the Mind,class,psychic,1,48,FALSE,FALSE,FALSE,,Apply Weaken 1 and Blind to an enemy at Range 3.,effect +weaken:1 +blind +range:3 @enemy,,,,
Guilty Conscience,class,psychic,1,52,TRUE,FALSE,FALSE,,"The next three times you coerce an enemy, that enemy takes 2 damage and gains Curse 1 after making the attack.",,custom,damage:2 +curse:1 @enemy,3,
Mind Spike,class,psychic,1,60,TRUE,FALSE,FALSE,,"At the start of your next three turns, deal one damage to an enemy at range 5",,startofturn,damage:1 @enemy,3,
Break the Mind,class,psychic,2,38,FALSE,FALSE,FALSE,,Coerce 3: force an enemy to move up to 3 spaces and attack another combatant for 3 damage.,effect +coerce:3 @enemy,,,,
Psychic Backlash,class,psychic,2,55,TRUE,FALSE,FALSE,,"Ongoing: The next 3 times you are attacked, deal 2 direct damage back to the attacker.",,attacked,damage:2 @enemy,3,
Shatter Resolve,class,psychic,7,35,FALSE,FALSE,FALSE,,"Deal 3 direct damage to all enemies within 2 spaces, bypassing their defenses.",damage:3 +zone:2 @enemies,,,,
Phantasmal Image,class,psychic,7,48,FALSE,FALSE,FALSE,,"Deal 3 damage to a target at Range 5, then Hide.",damage:3 +range:5 @enemy; effect +hide @self,,,,
Mind Shatter,class,psychic,10,25,FALSE,TRUE,FALSE,,"Expend: Deal 5 direct damage to a target, bypassing their defenses, then inflict Stun.",damage:5; effect +stun @enemy,,,,
Puppet Master,class,psychic,10,40,FALSE,TRUE,FALSE,,Expend: Force one enemy to move up to 5 spaces and attack another combatant for 5 damage.,effect +coerce:5 @enemy,,,,
Cluster Headache,class,psychic,1,32,FALSE,FALSE,FALSE,,"Deal 1 damage to an enemy in range 4, then repeat.",damage:1 +range:4 @enemy; damage:1 +range:4 @enemy,,,,
Spread the Hate,class,psychic,1,35,TRUE,FALSE,FALSE,,"The next two times another ally is attacked, Coerce 2 on the attacker.",,allyattacked,effect +coerce:2 @enemy,2,
Arcane Bolt,class,sorcerer,1,30,FALSE,FALSE,FALSE,,Attack 3 against one enemy at range 3.,attack:3 +range:3,,,,
Overcharged Blast,class,sorcerer,1,35,FALSE,TRUE,FALSE,,"Expend: Attack 5 at range:4, but the strain leaves you Burning.",attack:5 +range:4; effect +burn @self,,,,
Ruinous Wave,class,sorcerer,1,40,FALSE,TRUE,FALSE,,"Move 5 spaces in a straight line. Attack each target you pass through for 3, inflicting stun.",attack:3 +stun +line:5 @targets; move:5,,,,
Stunning Blast,class,sorcerer,1,50,TRUE,FALSE,FALSE,,Your basic attacks gain Stun and Curse 1.,,custom,effect +stun +curse:1 @enemy,,
Piercing Blast,class,sorcerer,1,55,TRUE,FALSE,FALSE,,Ongoing: Your basic attacks deal 1 additional damage and inflict Bleed 2,,onattack,damage:1 +bleed:2 @enemy,,
Cataclysm,class,sorcerer,2,28,FALSE,TRUE,FALSE,,"Expend: Attack 4 against all enemies in a 2-space burst placed within Range 4, applying Burn.",attack:4 +burn +burst:2 +range:4 @enemies,,,,
Desperate Recovery,class,sorcerer,2,45,FALSE,FALSE,FALSE,,Inflict Bleed 3 on yourself: recover 2 cards from exile.,effect +bleed:3 +recover:2 @self,,,,
Meteoric Ruin,class,sorcerer,7,20,FALSE,TRUE,FALSE,,Expend: Attack 5 against all targets in a 3-space burst placed within Range 5.,attack:5 +burst:3 +range:5 @enemies,,,,
Fuel the Fire,class,sorcerer,7,50,FALSE,FALSE,FALSE,,"Attack 3 at range 4, then recover 1 card from your exile.",attack:3 +range:4; effect +recover:1,,,,
Annihilate,class,sorcerer,10,15,FALSE,TRUE,FALSE,,Expend: Attack 7 with Pierce 3 against one enemy.,attack:7 +pierce:3,,,,
Rebirth,class,sorcerer,10,55,TRUE,TRUE,FALSE,,"Inflict Shock 3 on yourself. As long as Rebirth is in your ongoing pile, if you would die or flee, Recover 6 cards instead. Exile this card when it leaves your ongoing zone.",,custom,effect +recover:6 @self,1,
Shrapnel,class,sorcerer,1,65,TRUE,FALSE,FALSE,,Your basic attacks attack in a 1 space burst. You cannot use this in conjunction with any other enhancements to your basic attacks.,,custom,attack:2 +burst:1 +range:5 @targets,,
Rending Touch,class,sorcerer,1,27,FALSE,TRUE,FALSE,,Attack 5 against an adjacent target. Inflict Poison 2 on yourself.,attack:5; effect +poison:2 @self,,,,
Bind Lesser Spirit,class,summoner,1,40,TRUE,FALSE,FALSE,,"Summon a Lesser Spirit in an adjacent space with 6 HP. At the start of each of your turns, it moves up to 3 spaces and attacks one adjacent enemy for 1, applying Slow. Discard this card when the Spirit is destroyed.",,custom,,,
Bind Imp,class,summoner,1,48,TRUE,FALSE,FALSE,,"Summon an Imp in an adjacent space with 5 HP. During each of your turns, the imp can move up to 2 spaces and attacks for 1 with Range 4. Discard this card when the Imp is destroyed.",,custom,,,
Bolster the Bound,class,summoner,1,52,FALSE,FALSE,FALSE,,One creature you have summoned gains Bolster 2.,effect +bolster:2 @ally,,,,
Shared Power,class,summoner,1,56,FALSE,FALSE,FALSE,,Discard a card: Your summons gain Shield 1 and Boost.,discard:1; effect +shield:1 +boost @allies,,,,
Shared Vigor,class,summoner,1,65,FALSE,FALSE,FALSE,,"Apply Weaken 2 to an enemy, healing you and each of your summons by 2.",effect +weaken:2 @enemy; heal:2 @allies,,,,
Bind a Flame Wisp,class,summoner,2,35,TRUE,FALSE,FALSE,,"Summon a Flame Wisp in an adjacent space (HP 7). At the start of each of your turns, it moves up to 2 spaces and attacks one adjacent enemy for 1, applying Burn. Discard this card when the Wisp is destroyed.",,startofturn,,,
Spiked Summons,class,summoner,2,50,FALSE,FALSE,FALSE,,All creatures you have summoned gain Bolster 2 and Retaliate 2.,effect +bolster:2 +retaliate:2 @allies,,,,
Summon Guardian,class,summoner,7,40,TRUE,FALSE,FALSE,,"Summon a Guardian in an adjacent space (HP 10). On each of your turns, it can Move 3 and Attack 2, then Grant Shield 1 to an ally within 3 spaces. Discard this card when the Guardian is destroyed.",,custom,,,
Command,class,summoner,7,55,FALSE,FALSE,FALSE,,One of your summons makes an Attack 4 on an adjacent enemy.,attack:4 @enemy,,,,
Bind a Colossus,class,summoner,10,20,TRUE,TRUE,FALSE,,"Expend: Summon a Bound Colossus in an adjacent space (HP 15). At the start of each of your turns, it moves 2 spaces and attacks for 3 in an arc. Exile this card when the Colossus is destroyed.",,startofturn,,,
Rally the Bound,class,summoner,10,60,FALSE,TRUE,FALSE,,Heal all of your summons to full health and give them Shield 3.,heal:15 +shield:3 @allies,,,,
Bind a Healing Wisp,class,summoner,1,41,TRUE,FALSE,FALSE,,"Summon a Healing Wisp in an adjacent space (HP 5). At the start of your turn, the wisp moves up to 3 spaces and heals an adjacent ally for 2, Curing 1 condition. Discard this card when the Wisp is destroyed",,startofturn,,,
Split Command,class,summoner,1,87,FALSE,FALSE,FALSE,,Up to two of your summons can Move 1 and Attack 1.,attack:1; attack:1,,,,
Twist the Knife,subclass,manipulator,4,40,FALSE,FALSE,FALSE,,"Give an enemy boost, then Coerce 2.",effect +boost @enemy; effect +coerce:2 @enemy,,,,
Cruel Master,subclass,manipulator,6,45,TRUE,FALSE,FALSE,,"At the end of your next three turns, inflict an enemy in Range 4 with Shock 2 and Coerce 2.",,endofturn,effect +shock:2 +coerce:2 +range:4 @enemy,3,
Total Domination,subclass,manipulator,8,30,FALSE,TRUE,FALSE,,Choose two enemies. They use basic attacks against each other until one is dead.,,,,,
Feed on Pain,subclass,souleater,4,42,FALSE,FALSE,FALSE,,"Deal 2 direct damage to an enemy, then heal 1.",damage:2; heal:1 @self,,,,
Cleansing Pain,subclass,souleater,6,50,TRUE,FALSE,FALSE,,"Ongoing: Whenever you deal direct damage, Cure a condition. Ends when you discard this card voluntarily.",,custom,effect +cure:1 @self,,
Soul Harvest,subclass,souleater,8,25,FALSE,TRUE,FALSE,,"Expend: Deal 3 direct damage to all enemies within 3 spaces, then Heal 4.",damage:3 +zone:3 @enemies; heal:4 @self,,,,
Blood Sacrifice,subclass,bloodmage,4,32,TRUE,FALSE,FALSE,,"At the start of your next three turns, gain Bleed 1. All enemies within 3 spaces gain Weaken and Burn.",effect +bleed:1 @self; effect +weaken:1 +burn +zone:3 @enemies,startofturn,,3,
Blood Pact,subclass,bloodmage,6,48,TRUE,FALSE,FALSE,,"The next three times you kill an enemy, take 2 damage and recover 1 card.",,onkill,damage:2 +recover:1 @self,3,
Devil's Bargain,subclass,bloodmage,8,18,TRUE,TRUE,FALSE,,"Spend 5 life. The next 4 times you are attacked, Heal 3 and deal 3 damage to the attacker. Exile this card when it leaves the ongoing zone.",damage:5 @self,attacked,heal:3 @self; damage:3 @enemy,4,
Arcane Charge,subclass,warlock,4,45,FALSE,FALSE,FALSE,,"Gain Boost, then move 2 spaces.",effect +boost @self; move:2,,,,
Vampiric Blast,subclass,warlock,6,55,TRUE,FALSE,FALSE,,Your basic attacks deal 2 additional damage and heal you for 1.,,custom,damage:2 @enemy; heal:1 @self,,
Explosive Blast,subclass,warlock,8,15,TRUE,TRUE,FALSE,,"Your next 3 basic attacks are changed to: Attack 4 in a two space burst at Range 6, inflicting Bleed 2.",,custom,attack:4 +bleed:2 +burst:2 +range:6 @targets,3,
Bind a Fiend,subclass,demonologist,4,38,TRUE,FALSE,FALSE,,"Summon a Lesser Fiend in an adjacent space (HP 8). During each of your turns, it moves up to 3 spaces and attacks adjacent enemies twice for 1. Discard this card when the Fiend is destroyed.",,custom,,,
Lamb to the Slaughter,subclass,demonologist,6,50,FALSE,FALSE,FALSE,,"Cause one of your summons to explode, dealing 3 damage in a 2 space burst.",damage:3 +burst:2 @targets,,,,
Greater Fiend,subclass,demonologist,8,22,TRUE,TRUE,FALSE,,"Expend: Summon a Greater Fiend in an adjacent space (HP 16). At the start of each of your turns, it moves 3 spaces and attacks for 4 in an arc. If the Greater Fiend rolls a 1 or 2 on the luck die, it becomes hostile to the party. Exile this card when the Fiend is destroyed.",,startofturn,,,
Bind Spark Elemental,subclass,primal,4,40,TRUE,FALSE,FALSE,,"Summon a Spark Elemental in an adjacent space (HP 8). During each of your turns, the Spark Elemental can move up to 3 spaces, then inflicts 1 damage and Shock 2 on all enemies within 2 spaces.",,custom,damage:1 +shock:2 +burst:2 @enemies,,
Bind Frost Elemental,subclass,primal,6,50,TRUE,FALSE,FALSE,,"Summon a Frost Elemental in an adjacent space (HP 10). During each of your turns, It can move up to 2 spaces, and attacks for 2 in a 3 space cone, inflicting Freeze.",,startofturn,effect +slow +zone:2 @enemies,,
Storm Titan,subclass,primal,8,20,TRUE,TRUE,FALSE,,"Expend: Combine your Spark Elemental and Frost Elemental into a Storm Titan (16 HP). On each of your turns, it can move up to 2 space and attacks for 3 in a 3 space cone, inflicting Freeze, Stun and Shock 1.",,startofturn,,,
Fire Shower,subclass,pyromancer,4,35,FALSE,FALSE,FALSE,,"Attack 2 against all enemies in a 3-space burst placed within Range 4, applying Burn.",attack:2 +burn +burst:3 +range:4 @enemies,,,,
Firestorm,subclass,pyromancer,6,25,FALSE,TRUE,FALSE,,"Expend: Attack 3 against all enemies within 3 spaces, applying Burn.",attack:3 +burn +zone:3 @enemies,,,,
Wildfire,subclass,pyromancer,8,45,TRUE,FALSE,FALSE,,"Ongoing: At the start of each of your next 3 turns, apply Burn to all enemies within 2 spaces.",,startofturn,effect +burn +zone:2 @enemies,3,
Cleansing Beam,weapon,holysymbol,1,30,FALSE,FALSE,FALSE,,Cure 1 condition from all allies in a 3-space line.,effect +cure:1 +line:3 @allies,,,,
Healing Burst,weapon,holysymbol,1,38,FALSE,FALSE,FALSE,,Heal 2 HP on all targets in a 2-space burst placed within Range 5.,heal:2 +burst:2 +range:5 @targets,,,,
Shield of Faith,weapon,holysymbol,1,45,TRUE,FALSE,FALSE,,"Ongoing: At the start of each of the next 3 rounds, gain Shield 2.",,startofround,effect +shield:2 @self,3,
Blinding Light,weapon,holysymbol,1,52,FALSE,FALSE,FALSE,,Apply Blind and Stun to all enemies in a 4-space cone.,effect +blind +stun +cone:4 @enemies,,,,
Chalice,weapon,holysymbol,1,58,FALSE,FALSE,FALSE,,Heal an adjacent ally for 3 and grant them Boost.,heal:3 +boost @ally,,,,
Sacred Flame,weapon,holysymbol,1,65,FALSE,FALSE,FALSE,,"Attack 1 at Range 4, applying Burn.",attack:1 +burn +range:4 @enemy,,,,
Punishment,weapon,holysymbol,1,72,TRUE,FALSE,FALSE,,"Ongoing: The next 3 times you are attacked, deal 1 direct damage and apply Burn to the attacker.",,attacked,damage:1 +burn @enemy,3,
Sanctuary,weapon,holysymbol,3,40,TRUE,FALSE,FALSE,,"Ongoing: Designate one ally. That ally cannot be targeted or take damage from any source. Ends the moment they attack, deal damage, or apply a debuff to an enemy.",,custom,,,
Divine Punishment,weapon,holysymbol,3,55,TRUE,FALSE,FALSE,,"Ongoing: The next 3 times you are attacked, deal 2 direct damage and apply Curse 1 to the attacker. ",,attacked,damage:2 +curse:1 @enemy,3,
Seal,weapon,holysymbol,6,45,TRUE,FALSE,FALSE,,"Ongoing: Designate one minor enemy. While this card remains in your ongoing zone, that enemy can take no actions and is unaffected by anything.",,custom,,,
Healing Zone,weapon,holysymbol,6,60,TRUE,FALSE,FALSE,,"Ongoing: At the start of each of your next 3 turns, heal 3 HP and grant Bless to all allies within 3 spaces.",,startofturn,heal:3 +bless +zone:3 @allies,3,
Exile,weapon,holysymbol,9,40,FALSE,TRUE,FALSE,,Expend: Exile target minor enemy from this plane of existence — it is removed from combat entirely.,,,,,
Resurrection,weapon,holysymbol,9,80,FALSE,TRUE,FALSE,,Expend: Restore a downed ally: set their HP to 10 and let them recover 5 cards from their exile.,heal:10 +recover:5 @ally,,,,
